InstrumentID,Symbol,CompanyName,Exchange,Segment,Sector,TickSize,LotSize,BasePrice
INS0001,STK001,Synthetic STK001 Ltd,NSE,EQ,Consumer,0.05,1,513.05
INS0002,STK002,Synthetic STK002 Ltd,BSE,EQ,Telecom,0.05,1,180.66
INS0003,STK003,Synthetic STK003 Ltd,NSE,EQ,Finance,0.05,1,988.57
INS0004,STK004,Synthetic STK004 Ltd,NSE,EQ,Telecom,0.05,1,1215.7
INS0005,STK005,Synthetic STK005 Ltd,NSE,EQ,Banking,0.05,1,780.65
INS0006,STK006,Synthetic STK006 Ltd,NSE,EQ,Banking,0.05,1,219.94
INS0007,STK007,Synthetic STK007 Ltd,NSE,EQ,Finance,0.05,1,256.18
INS0008,STK008,Synthetic STK008 Ltd,NSE,EQ,Finance,0.05,1,192.76
INS0009,STK009,Synthetic STK009 Ltd,NSE,EQ,Auto,0.05,1,801.7
INS0010,STK010,Synthetic STK010 Ltd,NSE,EQ,Finance,0.05,1,1165.07
INS0011,STK011,Synthetic STK011 Ltd,NSE,EQ,Pharma,0.05,1,618.69
INS0012,STK012,Synthetic STK012 Ltd,BSE,EQ,Telecom,0.05,1,911.1
INS0013,STK013,Synthetic STK013 Ltd,NSE,EQ,Energy,0.05,1,234.75
INS0014,STK014,Synthetic STK014 Ltd,NSE,EQ,Metals,0.05,1,502.02
INS0015,STK015,Synthetic STK015 Ltd,NSE,EQ,Finance,0.05,1,161.07
INS0016,STK016,Synthetic STK016 Ltd,NSE,EQ,FMCG,0.05,1,252.25
INS0017,STK017,Synthetic STK017 Ltd,NSE,EQ,Banking,0.05,1,869.79
INS0018,STK018,Synthetic STK018 Ltd,NSE,EQ,Pharma,0.05,1,375.99
INS0019,STK019,Synthetic STK019 Ltd,NSE,EQ,Consumer,0.05,1,1114.64
INS0020,STK020,Synthetic STK020 Ltd,NSE,EQ,Metals,0.05,1,673.65
INS0021,STK021,Synthetic STK021 Ltd,NSE,EQ,Energy,0.05,1,3498.41
INS0022,STK022,Synthetic STK022 Ltd,NSE,EQ,Metals,0.05,1,482.79
INS0023,STK023,Synthetic STK023 Ltd,NSE,EQ,Finance,0.05,1,156.72
INS0024,STK024,Synthetic STK024 Ltd,NSE,EQ,Auto,0.05,1,438.5
INS0025,STK025,Synthetic STK025 Ltd,NSE,EQ,Banking,0.05,1,218.54
INS0026,STK026,Synthetic STK026 Ltd,NSE,EQ,Banking,0.05,1,936.48
INS0027,STK027,Synthetic STK027 Ltd,NSE,EQ,Consumer,0.05,1,464.39
INS0028,STK028,Synthetic STK028 Ltd,NSE,EQ,Auto,0.05,1,405.98
INS0029,STK029,Synthetic STK029 Ltd,NSE,EQ,Telecom,0.05,1,410.0
INS0030,STK030,Synthetic STK030 Ltd,NSE,EQ,IT,0.05,1,784.07
INS0031,STK031,Synthetic STK031 Ltd,NSE,EQ,Pharma,0.05,1,320.51
INS0032,STK032,Synthetic STK032 Ltd,NSE,EQ,Banking,0.05,1,805.96
INS0033,STK033,Synthetic STK033 Ltd,NSE,EQ,FMCG,0.05,1,985.77
INS0034,STK034,Synthetic STK034 Ltd,BSE,EQ,Banking,0.05,1,348.15
INS0035,STK035,Synthetic STK035 Ltd,BSE,EQ,Metals,0.05,1,224.69
INS0036,STK036,Synthetic STK036 Ltd,NSE,EQ,Banking,0.05,1,306.29
INS0037,STK037,Synthetic STK037 Ltd,NSE,EQ,Banking,0.05,1,766.5
INS0038,STK038,Synthetic STK038 Ltd,NSE,EQ,IT,0.05,1,482.32
INS0039,STK039,Synthetic STK039 Ltd,NSE,EQ,IT,0.05,1,721.84
INS0040,STK040,Synthetic STK040 Ltd,NSE,EQ,Energy,0.05,1,1688.25
INS0041,STK041,Synthetic STK041 Ltd,NSE,EQ,Telecom,0.05,1,535.1
INS0042,STK042,Synthetic STK042 Ltd,NSE,EQ,FMCG,0.05,1,245.32
INS0043,STK043,Synthetic STK043 Ltd,NSE,EQ,Banking,0.05,1,994.57
INS0044,STK044,Synthetic STK044 Ltd,BSE,EQ,Banking,0.05,1,467.67
INS0045,STK045,Synthetic STK045 Ltd,NSE,EQ,Pharma,0.05,1,865.74
INS0046,STK046,Synthetic STK046 Ltd,NSE,EQ,IT,0.05,1,1001.14
INS0047,STK047,Synthetic STK047 Ltd,NSE,EQ,FMCG,0.05,1,219.2
INS0048,STK048,Synthetic STK048 Ltd,NSE,EQ,Consumer,0.05,1,1268.7
INS0049,STK049,Synthetic STK049 Ltd,NSE,EQ,Energy,0.05,1,887.22
INS0050,STK050,Synthetic STK050 Ltd,NSE,EQ,Telecom,0.05,1,286.09
INS0051,STK051,Synthetic STK051 Ltd,BSE,EQ,Auto,0.05,1,565.43
INS0052,STK052,Synthetic STK052 Ltd,NSE,EQ,Telecom,0.05,1,545.75
INS0053,STK053,Synthetic STK053 Ltd,BSE,EQ,Metals,0.05,1,458.15
INS0054,STK054,Synthetic STK054 Ltd,NSE,EQ,Banking,0.05,1,865.39
INS0055,STK055,Synthetic STK055 Ltd,NSE,EQ,Energy,0.05,1,1322.48
INS0056,STK056,Synthetic STK056 Ltd,BSE,EQ,Metals,0.05,1,452.47
INS0057,STK057,Synthetic STK057 Ltd,NSE,EQ,FMCG,0.05,1,1220.98
INS0058,STK058,Synthetic STK058 Ltd,NSE,EQ,Auto,0.05,1,944.26
INS0059,STK059,Synthetic STK059 Ltd,NSE,EQ,IT,0.05,1,535.64
INS0060,STK060,Synthetic STK060 Ltd,NSE,EQ,Energy,0.05,1,513.57
INS0061,STK061,Synthetic STK061 Ltd,NSE,EQ,Energy,0.05,1,189.58
INS0062,STK062,Synthetic STK062 Ltd,NSE,EQ,Banking,0.05,1,146.01
INS0063,STK063,Synthetic STK063 Ltd,NSE,EQ,Finance,0.05,1,509.29
INS0064,STK064,Synthetic STK064 Ltd,NSE,EQ,Energy,0.05,1,236.82
INS0065,STK065,Synthetic STK065 Ltd,NSE,EQ,Pharma,0.05,1,436.82
INS0066,STK066,Synthetic STK066 Ltd,NSE,EQ,Auto,0.05,1,301.34
INS0067,STK067,Synthetic STK067 Ltd,NSE,EQ,Auto,0.05,1,117.67
INS0068,STK068,Synthetic STK068 Ltd,NSE,EQ,Pharma,0.05,1,588.29
INS0069,STK069,Synthetic STK069 Ltd,NSE,EQ,Consumer,0.05,1,329.75
INS0070,STK070,Synthetic STK070 Ltd,BSE,EQ,Pharma,0.05,1,477.9
INS0071,STK071,Synthetic STK071 Ltd,NSE,EQ,Pharma,0.05,1,230.31
INS0072,STK072,Synthetic STK072 Ltd,NSE,EQ,Auto,0.05,1,350.07
INS0073,STK073,Synthetic STK073 Ltd,NSE,EQ,Telecom,0.05,1,1450.31
INS0074,STK074,Synthetic STK074 Ltd,NSE,EQ,Auto,0.05,1,495.55
INS0075,STK075,Synthetic STK075 Ltd,NSE,EQ,Finance,0.05,1,679.55
INS0076,STK076,Synthetic STK076 Ltd,NSE,EQ,Banking,0.05,1,173.49
INS0077,STK077,Synthetic STK077 Ltd,NSE,EQ,Metals,0.05,1,2700.05
INS0078,STK078,Synthetic STK078 Ltd,NSE,EQ,Telecom,0.05,1,1793.29
INS0079,STK079,Synthetic STK079 Ltd,NSE,EQ,IT,0.05,1,1251.16
INS0080,STK080,Synthetic STK080 Ltd,NSE,EQ,Metals,0.05,1,837.84
INS0081,STK081,Synthetic STK081 Ltd,NSE,EQ,Banking,0.05,1,455.14
INS0082,STK082,Synthetic STK082 Ltd,NSE,EQ,Finance,0.05,1,626.91
INS0083,STK083,Synthetic STK083 Ltd,NSE,EQ,Finance,0.05,1,987.58
INS0084,STK084,Synthetic STK084 Ltd,NSE,EQ,IT,0.05,1,280.85
INS0085,STK085,Synthetic STK085 Ltd,NSE,EQ,Telecom,0.05,1,322.43
INS0086,STK086,Synthetic STK086 Ltd,NSE,EQ,Consumer,0.05,1,128.69
INS0087,STK087,Synthetic STK087 Ltd,NSE,EQ,Pharma,0.05,1,252.24
INS0088,STK088,Synthetic STK088 Ltd,NSE,EQ,Telecom,0.05,1,1564.35
INS0089,STK089,Synthetic STK089 Ltd,NSE,EQ,Consumer,0.05,1,350.22
INS0090,STK090,Synthetic STK090 Ltd,NSE,EQ,Finance,0.05,1,354.55
INS0091,STK091,Synthetic STK091 Ltd,NSE,EQ,Auto,0.05,1,571.1
INS0092,STK092,Synthetic STK092 Ltd,NSE,EQ,Banking,0.05,1,134.3
INS0093,STK093,Synthetic STK093 Ltd,NSE,EQ,IT,0.05,1,914.41
INS0094,STK094,Synthetic STK094 Ltd,NSE,EQ,Banking,0.05,1,1163.34
INS0095,STK095,Synthetic STK095 Ltd,NSE,EQ,FMCG,0.05,1,597.18
INS0096,STK096,Synthetic STK096 Ltd,NSE,EQ,FMCG,0.05,1,1552.72
INS0097,STK097,Synthetic STK097 Ltd,NSE,EQ,Telecom,0.05,1,166.35
INS0098,STK098,Synthetic STK098 Ltd,NSE,EQ,Finance,0.05,1,1793.7
INS0099,STK099,Synthetic STK099 Ltd,NSE,EQ,Finance,0.05,1,260.13
INS0100,STK100,Synthetic STK100 Ltd,NSE,EQ,Pharma,0.05,1,172.31
INS0101,STK101,Synthetic STK101 Ltd,NSE,EQ,Pharma,0.05,1,376.61
INS0102,STK102,Synthetic STK102 Ltd,NSE,EQ,Pharma,0.05,1,1832.16
INS0103,STK103,Synthetic STK103 Ltd,NSE,EQ,Auto,0.05,1,443.49
INS0104,STK104,Synthetic STK104 Ltd,NSE,EQ,Metals,0.05,1,223.59
INS0105,STK105,Synthetic STK105 Ltd,BSE,EQ,Energy,0.05,1,170.38
INS0106,STK106,Synthetic STK106 Ltd,NSE,EQ,Metals,0.05,1,415.88
INS0107,STK107,Synthetic STK107 Ltd,NSE,EQ,Banking,0.05,1,100.79
INS0108,STK108,Synthetic STK108 Ltd,NSE,EQ,Metals,0.05,1,169.71
INS0109,STK109,Synthetic STK109 Ltd,NSE,EQ,Auto,0.05,1,1431.6
INS0110,STK110,Synthetic STK110 Ltd,NSE,EQ,Banking,0.05,1,1214.02
INS0111,STK111,Synthetic STK111 Ltd,NSE,EQ,Metals,0.05,1,408.68
INS0112,STK112,Synthetic STK112 Ltd,NSE,EQ,Auto,0.05,1,317.35
INS0113,STK113,Synthetic STK113 Ltd,BSE,EQ,Energy,0.05,1,470.19
INS0114,STK114,Synthetic STK114 Ltd,NSE,EQ,Metals,0.05,1,2618.21
INS0115,STK115,Synthetic STK115 Ltd,NSE,EQ,Auto,0.05,1,609.71
INS0116,STK116,Synthetic STK116 Ltd,NSE,EQ,Pharma,0.05,1,890.29
INS0117,STK117,Synthetic STK117 Ltd,NSE,EQ,Finance,0.05,1,386.61
INS0118,STK118,Synthetic STK118 Ltd,NSE,EQ,Pharma,0.05,1,471.03
INS0119,STK119,Synthetic STK119 Ltd,NSE,EQ,Finance,0.05,1,731.15
INS0120,STK120,Synthetic STK120 Ltd,NSE,EQ,IT,0.05,1,494.63
