ClientID,ClientName,ClientType,City,RiskCategory,OnboardingDate
CLT00001,Client 00001,Retail,Madurai,Low,2026-02-06
CLT00002,Client 00002,Retail,Chennai,Medium,2024-05-20
CLT00003,Client 00003,Retail,Mumbai,Low,2023-01-28
CLT00004,Client 00004,Retail,Coimbatore,Low,2026-04-29
CLT00005,Client 00005,Retail,Delhi,Low,2023-09-25
CLT00006,Client 00006,HNI,Madurai,Medium,2025-06-19
CLT00007,Client 00007,Retail,Madurai,Medium,2026-05-08
CLT00008,Client 00008,Institutional,Mumbai,Low,2022-12-30
CLT00009,Client 00009,HNI,Bengaluru,Medium,2025-07-28
CLT00010,Client 00010,Retail,Chennai,Low,2023-05-08
CLT00011,Client 00011,Retail,Madurai,Low,2024-07-08
CLT00012,Client 00012,Retail,Mumbai,Medium,2023-03-27
CLT00013,Client 00013,Retail,Mumbai,High,2024-05-26
CLT00014,Client 00014,Retail,Coimbatore,Medium,2024-10-29
CLT00015,Client 00015,Retail,Delhi,Medium,2023-02-18
CLT00016,Client 00016,Retail,Bengaluru,Medium,2025-07-16
CLT00017,Client 00017,Retail,Chennai,Medium,2026-03-11
CLT00018,Client 00018,HNI,Pune,Low,2022-12-25
CLT00019,Client 00019,Retail,Hyderabad,Low,2024-09-11
CLT00020,Client 00020,HNI,Delhi,Low,2022-06-30
CLT00021,Client 00021,Retail,Delhi,Low,2025-04-08
CLT00022,Client 00022,Retail,Coimbatore,Medium,2025-09-21
CLT00023,Client 00023,Retail,Pune,Low,2022-11-16
CLT00024,Client 00024,Retail,Madurai,Low,2023-09-22
CLT00025,Client 00025,HNI,Madurai,Low,2025-08-28
CLT00026,Client 00026,Retail,Coimbatore,Medium,2025-12-09
CLT00027,Client 00027,HNI,Mumbai,Low,2024-10-25
CLT00028,Client 00028,Retail,Madurai,Medium,2025-04-15
CLT00029,Client 00029,Retail,Bengaluru,Low,2024-09-03
CLT00030,Client 00030,Retail,Chennai,Low,2024-10-10
CLT00031,Client 00031,HNI,Delhi,Medium,2026-05-11
CLT00032,Client 00032,Institutional,Delhi,Medium,2024-01-05
CLT00033,Client 00033,Retail,Bengaluru,Low,2023-09-03
CLT00034,Client 00034,Retail,Pune,Medium,2024-09-16
CLT00035,Client 00035,Retail,Madurai,Medium,2022-08-11
CLT00036,Client 00036,Retail,Delhi,Low,2023-10-29
CLT00037,Client 00037,HNI,Hyderabad,Medium,2025-02-05
CLT00038,Client 00038,HNI,Pune,Medium,2025-11-10
CLT00039,Client 00039,Retail,Chennai,Medium,2022-12-10
CLT00040,Client 00040,Retail,Chennai,Medium,2025-07-22
CLT00041,Client 00041,Retail,Delhi,Medium,2024-10-16
CLT00042,Client 00042,Retail,Coimbatore,Medium,2023-06-03
CLT00043,Client 00043,HNI,Pune,Medium,2024-10-13
CLT00044,Client 00044,Retail,Delhi,Medium,2023-01-10
CLT00045,Client 00045,HNI,Coimbatore,Medium,2025-07-06
CLT00046,Client 00046,Retail,Delhi,Medium,2025-08-18
CLT00047,Client 00047,HNI,Hyderabad,Medium,2025-09-22
CLT00048,Client 00048,Retail,Pune,Low,2026-02-06
CLT00049,Client 00049,Retail,Mumbai,Medium,2023-06-23
CLT00050,Client 00050,HNI,Chennai,Medium,2025-05-25
CLT00051,Client 00051,Retail,Delhi,Low,2023-10-31
CLT00052,Client 00052,Retail,Hyderabad,Medium,2025-04-05
CLT00053,Client 00053,Institutional,Coimbatore,Low,2024-04-26
CLT00054,Client 00054,Institutional,Coimbatore,Low,2023-04-07
CLT00055,Client 00055,Retail,Chennai,Medium,2023-09-26
CLT00056,Client 00056,Retail,Bengaluru,Low,2024-05-12
CLT00057,Client 00057,Retail,Delhi,Medium,2025-04-01
CLT00058,Client 00058,Retail,Pune,Medium,2024-06-27
CLT00059,Client 00059,Retail,Madurai,Low,2025-02-11
CLT00060,Client 00060,Retail,Coimbatore,Low,2025-03-11
CLT00061,Client 00061,Retail,Pune,Low,2026-03-13
CLT00062,Client 00062,HNI,Pune,Medium,2024-06-16
CLT00063,Client 00063,HNI,Mumbai,High,2025-07-09
CLT00064,Client 00064,Retail,Pune,Medium,2025-07-29
CLT00065,Client 00065,Retail,Pune,Low,2024-05-26
CLT00066,Client 00066,Retail,Mumbai,Medium,2024-06-04
CLT00067,Client 00067,Retail,Coimbatore,Low,2023-11-09
CLT00068,Client 00068,Retail,Pune,Medium,2025-04-12
CLT00069,Client 00069,HNI,Bengaluru,Low,2024-03-22
CLT00070,Client 00070,Retail,Bengaluru,Medium,2023-03-19
CLT00071,Client 00071,Retail,Hyderabad,Low,2022-08-04
CLT00072,Client 00072,Retail,Mumbai,High,2023-03-03
CLT00073,Client 00073,Retail,Hyderabad,Low,2025-08-28
CLT00074,Client 00074,Retail,Mumbai,Medium,2025-10-16
CLT00075,Client 00075,Retail,Delhi,High,2022-07-23
CLT00076,Client 00076,Retail,Delhi,Low,2025-05-25
CLT00077,Client 00077,Retail,Pune,High,2026-02-12
CLT00078,Client 00078,Retail,Madurai,Medium,2025-07-28
CLT00079,Client 00079,HNI,Delhi,Low,2022-11-03
CLT00080,Client 00080,Retail,Madurai,Low,2023-06-06
CLT00081,Client 00081,Retail,Delhi,Medium,2025-11-03
CLT00082,Client 00082,Retail,Chennai,Low,2025-03-02
CLT00083,Client 00083,Institutional,Delhi,Medium,2026-06-23
CLT00084,Client 00084,Retail,Hyderabad,Low,2023-01-19
CLT00085,Client 00085,Retail,Coimbatore,Medium,2024-12-21
CLT00086,Client 00086,HNI,Pune,Low,2026-05-24
CLT00087,Client 00087,HNI,Hyderabad,Medium,2024-08-26
CLT00088,Client 00088,Institutional,Coimbatore,High,2024-11-18
CLT00089,Client 00089,Retail,Bengaluru,High,2022-07-13
CLT00090,Client 00090,Retail,Hyderabad,Medium,2023-04-10
CLT00091,Client 00091,Retail,Bengaluru,Low,2023-02-11
CLT00092,Client 00092,Retail,Madurai,Medium,2026-02-21
CLT00093,Client 00093,Retail,Madurai,Low,2023-07-10
CLT00094,Client 00094,Retail,Chennai,Low,2023-09-08
CLT00095,Client 00095,HNI,Delhi,Low,2023-11-30
CLT00096,Client 00096,Retail,Hyderabad,Low,2026-04-23
CLT00097,Client 00097,Retail,Bengaluru,Medium,2025-06-01
CLT00098,Client 00098,Retail,Coimbatore,Medium,2022-08-06
CLT00099,Client 00099,Retail,Madurai,Low,2024-12-04
CLT00100,Client 00100,Retail,Delhi,Low,2024-02-27
CLT00101,Client 00101,Retail,Madurai,High,2026-02-25
CLT00102,Client 00102,Retail,Coimbatore,Low,2023-12-17
CLT00103,Client 00103,Retail,Delhi,Low,2023-02-21
CLT00104,Client 00104,Retail,Delhi,Low,2025-10-12
CLT00105,Client 00105,Retail,Bengaluru,Medium,2024-05-03
CLT00106,Client 00106,Institutional,Bengaluru,Medium,2025-10-25
CLT00107,Client 00107,Retail,Hyderabad,Low,2024-04-04
CLT00108,Client 00108,Retail,Hyderabad,Low,2022-11-30
CLT00109,Client 00109,HNI,Mumbai,Medium,2026-01-22
CLT00110,Client 00110,Retail,Pune,Medium,2026-04-01
CLT00111,Client 00111,Institutional,Mumbai,Low,2024-03-24
CLT00112,Client 00112,Retail,Chennai,High,2023-05-28
CLT00113,Client 00113,Institutional,Madurai,Low,2025-08-03
CLT00114,Client 00114,Retail,Hyderabad,Low,2024-04-04
CLT00115,Client 00115,HNI,Bengaluru,High,2025-11-09
CLT00116,Client 00116,Retail,Coimbatore,Low,2025-06-19
CLT00117,Client 00117,Institutional,Bengaluru,Medium,2022-07-06
CLT00118,Client 00118,Retail,Madurai,Low,2024-01-18
CLT00119,Client 00119,Retail,Mumbai,Low,2025-03-09
CLT00120,Client 00120,Institutional,Bengaluru,High,2024-01-15
CLT00121,Client 00121,Retail,Pune,Low,2023-08-21
CLT00122,Client 00122,Retail,Chennai,Medium,2023-05-21
CLT00123,Client 00123,Retail,Madurai,Low,2025-03-10
CLT00124,Client 00124,Retail,Mumbai,Low,2022-08-19
CLT00125,Client 00125,Retail,Pune,Low,2023-12-31
CLT00126,Client 00126,Retail,Coimbatore,Medium,2023-10-15
CLT00127,Client 00127,HNI,Mumbai,Low,2023-11-14
CLT00128,Client 00128,Retail,Delhi,Medium,2025-01-14
CLT00129,Client 00129,Retail,Pune,Low,2023-06-28
CLT00130,Client 00130,Institutional,Pune,High,2023-03-26
CLT00131,Client 00131,HNI,Chennai,Low,2023-09-03
CLT00132,Client 00132,Retail,Madurai,Medium,2026-02-27
CLT00133,Client 00133,Retail,Coimbatore,Medium,2026-04-04
CLT00134,Client 00134,Retail,Chennai,Medium,2025-01-08
CLT00135,Client 00135,Retail,Mumbai,Medium,2024-03-11
CLT00136,Client 00136,Retail,Chennai,Medium,2023-10-20
CLT00137,Client 00137,Retail,Pune,Medium,2025-04-14
CLT00138,Client 00138,Retail,Madurai,Low,2025-06-10
CLT00139,Client 00139,Retail,Hyderabad,Low,2024-09-01
CLT00140,Client 00140,Institutional,Chennai,High,2026-05-23
CLT00141,Client 00141,Institutional,Delhi,Medium,2025-10-24
CLT00142,Client 00142,Retail,Chennai,Medium,2023-05-08
CLT00143,Client 00143,Retail,Mumbai,Low,2023-07-17
CLT00144,Client 00144,Retail,Mumbai,Low,2024-09-10
CLT00145,Client 00145,HNI,Coimbatore,Low,2025-03-25
CLT00146,Client 00146,Retail,Mumbai,Medium,2025-09-21
CLT00147,Client 00147,Retail,Bengaluru,Low,2023-09-28
CLT00148,Client 00148,HNI,Madurai,Low,2024-05-18
CLT00149,Client 00149,HNI,Madurai,Low,2025-07-25
CLT00150,Client 00150,HNI,Hyderabad,Low,2024-10-01
CLT00151,Client 00151,Retail,Hyderabad,Medium,2025-06-18
CLT00152,Client 00152,Retail,Madurai,Low,2024-08-14
CLT00153,Client 00153,Retail,Delhi,Medium,2023-01-05
CLT00154,Client 00154,HNI,Hyderabad,Low,2023-07-21
CLT00155,Client 00155,HNI,Coimbatore,Low,2025-04-04
CLT00156,Client 00156,Retail,Mumbai,Low,2023-10-26
CLT00157,Client 00157,Retail,Madurai,Low,2026-04-13
CLT00158,Client 00158,Retail,Pune,Low,2023-06-08
CLT00159,Client 00159,HNI,Hyderabad,Low,2026-02-06
CLT00160,Client 00160,Institutional,Madurai,Medium,2022-10-21
CLT00161,Client 00161,Retail,Bengaluru,Low,2023-04-12
CLT00162,Client 00162,Retail,Chennai,Medium,2025-12-27
CLT00163,Client 00163,Retail,Mumbai,Medium,2024-02-03
CLT00164,Client 00164,Institutional,Madurai,Medium,2025-10-15
CLT00165,Client 00165,HNI,Chennai,Low,2023-06-27
CLT00166,Client 00166,HNI,Hyderabad,Low,2025-05-31
CLT00167,Client 00167,Retail,Chennai,Low,2024-06-01
CLT00168,Client 00168,Retail,Mumbai,Low,2024-11-03
CLT00169,Client 00169,Retail,Madurai,High,2022-12-29
CLT00170,Client 00170,Retail,Bengaluru,Low,2024-05-11
CLT00171,Client 00171,HNI,Delhi,Low,2026-03-26
CLT00172,Client 00172,HNI,Hyderabad,Medium,2022-09-21
CLT00173,Client 00173,Institutional,Madurai,Medium,2022-08-31
CLT00174,Client 00174,Institutional,Mumbai,Medium,2024-04-06
CLT00175,Client 00175,Retail,Hyderabad,Low,2023-02-06
CLT00176,Client 00176,Retail,Coimbatore,Low,2024-04-06
CLT00177,Client 00177,HNI,Chennai,Low,2025-05-11
CLT00178,Client 00178,HNI,Delhi,Low,2026-03-03
CLT00179,Client 00179,Retail,Mumbai,Low,2025-05-09
CLT00180,Client 00180,Retail,Coimbatore,Low,2023-01-27
CLT00181,Client 00181,Retail,Pune,Low,2023-07-14
CLT00182,Client 00182,Institutional,Madurai,Low,2024-05-28
CLT00183,Client 00183,Retail,Bengaluru,Low,2025-03-09
CLT00184,Client 00184,Retail,Hyderabad,Medium,2025-02-01
CLT00185,Client 00185,Retail,Chennai,Medium,2026-01-31
CLT00186,Client 00186,Retail,Hyderabad,Medium,2026-04-04
CLT00187,Client 00187,Retail,Delhi,Low,2023-10-27
CLT00188,Client 00188,Retail,Madurai,Low,2025-04-06
CLT00189,Client 00189,Retail,Hyderabad,Low,2024-11-14
CLT00190,Client 00190,Retail,Chennai,Medium,2025-02-10
CLT00191,Client 00191,Retail,Madurai,Medium,2023-03-16
CLT00192,Client 00192,Retail,Hyderabad,Low,2025-06-14
CLT00193,Client 00193,HNI,Bengaluru,High,2025-05-26
CLT00194,Client 00194,Retail,Mumbai,Low,2025-11-01
CLT00195,Client 00195,Retail,Madurai,Low,2024-06-23
CLT00196,Client 00196,HNI,Mumbai,Medium,2024-09-12
CLT00197,Client 00197,Retail,Pune,Medium,2024-09-23
CLT00198,Client 00198,Retail,Madurai,Medium,2022-07-19
CLT00199,Client 00199,Retail,Bengaluru,Medium,2024-01-16
CLT00200,Client 00200,Retail,Mumbai,Low,2026-05-01
CLT00201,Client 00201,Retail,Coimbatore,Medium,2023-09-02
CLT00202,Client 00202,Retail,Chennai,Low,2025-12-04
CLT00203,Client 00203,Retail,Coimbatore,Medium,2025-11-05
CLT00204,Client 00204,Retail,Hyderabad,Low,2025-02-27
CLT00205,Client 00205,Retail,Bengaluru,Medium,2023-02-14
CLT00206,Client 00206,Retail,Coimbatore,Low,2025-08-01
CLT00207,Client 00207,Retail,Madurai,Medium,2026-01-13
CLT00208,Client 00208,Retail,Hyderabad,Low,2024-09-01
CLT00209,Client 00209,Retail,Hyderabad,Medium,2026-01-22
CLT00210,Client 00210,HNI,Coimbatore,Low,2025-03-27
CLT00211,Client 00211,Retail,Pune,Low,2023-10-14
CLT00212,Client 00212,Retail,Coimbatore,Low,2025-02-23
CLT00213,Client 00213,HNI,Pune,Low,2024-08-04
CLT00214,Client 00214,Retail,Bengaluru,Medium,2025-06-05
CLT00215,Client 00215,Retail,Chennai,Low,2024-08-01
CLT00216,Client 00216,HNI,Coimbatore,High,2025-08-31
CLT00217,Client 00217,HNI,Delhi,Low,2026-01-03
CLT00218,Client 00218,Retail,Pune,Low,2024-10-14
CLT00219,Client 00219,HNI,Coimbatore,Medium,2025-02-10
CLT00220,Client 00220,Retail,Mumbai,Medium,2025-01-05
CLT00221,Client 00221,Retail,Madurai,Low,2024-10-19
CLT00222,Client 00222,Retail,Delhi,Medium,2024-11-18
CLT00223,Client 00223,Institutional,Delhi,Medium,2024-06-21
CLT00224,Client 00224,Retail,Pune,Low,2023-01-31
CLT00225,Client 00225,Retail,Mumbai,High,2022-07-06
CLT00226,Client 00226,Retail,Mumbai,High,2022-07-20
CLT00227,Client 00227,Retail,Hyderabad,Medium,2024-12-28
CLT00228,Client 00228,Retail,Pune,Low,2026-06-14
CLT00229,Client 00229,Retail,Chennai,Medium,2024-12-28
CLT00230,Client 00230,Retail,Madurai,Low,2025-06-03
CLT00231,Client 00231,Retail,Bengaluru,Low,2024-10-18
CLT00232,Client 00232,Retail,Delhi,Low,2026-03-22
CLT00233,Client 00233,Retail,Bengaluru,Low,2025-12-25
CLT00234,Client 00234,Retail,Coimbatore,Medium,2026-06-18
CLT00235,Client 00235,Retail,Coimbatore,Medium,2023-05-18
CLT00236,Client 00236,HNI,Bengaluru,Medium,2025-06-07
CLT00237,Client 00237,Retail,Coimbatore,Low,2025-05-06
CLT00238,Client 00238,Retail,Chennai,Low,2026-02-26
CLT00239,Client 00239,Retail,Mumbai,Low,2023-05-08
CLT00240,Client 00240,Retail,Coimbatore,High,2024-12-10
CLT00241,Client 00241,Retail,Hyderabad,Low,2026-06-06
CLT00242,Client 00242,Retail,Coimbatore,Medium,2023-06-10
CLT00243,Client 00243,Retail,Madurai,Medium,2023-09-05
CLT00244,Client 00244,Retail,Chennai,Low,2025-11-05
CLT00245,Client 00245,Retail,Madurai,Medium,2025-11-15
CLT00246,Client 00246,Retail,Madurai,Low,2024-05-07
CLT00247,Client 00247,Retail,Hyderabad,Medium,2022-12-05
CLT00248,Client 00248,Retail,Chennai,High,2024-07-20
CLT00249,Client 00249,Retail,Chennai,Low,2024-06-06
CLT00250,Client 00250,Retail,Pune,Low,2024-04-24
CLT00251,Client 00251,Retail,Chennai,Medium,2024-05-20
CLT00252,Client 00252,Retail,Chennai,High,2024-07-09
CLT00253,Client 00253,HNI,Chennai,Low,2025-12-17
CLT00254,Client 00254,Retail,Hyderabad,Medium,2023-12-03
CLT00255,Client 00255,Retail,Coimbatore,Medium,2026-04-17
CLT00256,Client 00256,HNI,Pune,Medium,2023-11-22
CLT00257,Client 00257,HNI,Madurai,Low,2024-03-01
CLT00258,Client 00258,Retail,Chennai,Medium,2023-03-26
CLT00259,Client 00259,Retail,Delhi,High,2025-03-25
CLT00260,Client 00260,HNI,Coimbatore,Low,2024-12-01
CLT00261,Client 00261,Retail,Coimbatore,Low,2022-07-26
CLT00262,Client 00262,Retail,Madurai,High,2023-12-08
CLT00263,Client 00263,Retail,Hyderabad,Low,2025-04-12
CLT00264,Client 00264,Retail,Bengaluru,Medium,2026-04-09
CLT00265,Client 00265,Retail,Bengaluru,Low,2026-03-26
CLT00266,Client 00266,Retail,Coimbatore,Low,2023-09-07
CLT00267,Client 00267,Retail,Mumbai,Medium,2024-03-12
CLT00268,Client 00268,Retail,Mumbai,Low,2023-02-27
CLT00269,Client 00269,Retail,Madurai,Low,2026-04-09
CLT00270,Client 00270,Retail,Bengaluru,Low,2026-05-23
CLT00271,Client 00271,Retail,Coimbatore,Medium,2022-08-26
CLT00272,Client 00272,Retail,Hyderabad,Low,2022-07-07
CLT00273,Client 00273,HNI,Bengaluru,Low,2025-05-23
CLT00274,Client 00274,Retail,Coimbatore,High,2024-09-09
CLT00275,Client 00275,Retail,Coimbatore,Low,2023-08-29
CLT00276,Client 00276,Retail,Chennai,Medium,2026-02-07
CLT00277,Client 00277,Retail,Hyderabad,Low,2025-10-01
CLT00278,Client 00278,Retail,Chennai,Medium,2025-11-15
CLT00279,Client 00279,Retail,Madurai,Low,2025-07-04
CLT00280,Client 00280,Retail,Chennai,High,2023-01-30
CLT00281,Client 00281,Retail,Delhi,Low,2025-04-25
CLT00282,Client 00282,Retail,Chennai,Low,2025-06-01
CLT00283,Client 00283,Retail,Delhi,Low,2023-02-16
CLT00284,Client 00284,Retail,Bengaluru,Low,2022-08-20
CLT00285,Client 00285,Retail,Mumbai,Low,2025-02-21
CLT00286,Client 00286,Retail,Pune,Low,2025-01-11
CLT00287,Client 00287,HNI,Pune,Medium,2024-12-19
CLT00288,Client 00288,Retail,Coimbatore,Low,2025-04-19
CLT00289,Client 00289,Retail,Pune,Low,2022-12-28
CLT00290,Client 00290,HNI,Delhi,Medium,2024-05-23
CLT00291,Client 00291,Retail,Hyderabad,Medium,2025-07-20
CLT00292,Client 00292,Retail,Chennai,Low,2022-09-28
CLT00293,Client 00293,Retail,Delhi,Low,2025-01-31
CLT00294,Client 00294,Retail,Hyderabad,Low,2022-10-30
CLT00295,Client 00295,Retail,Mumbai,Medium,2026-02-17
CLT00296,Client 00296,Retail,Pune,Medium,2023-10-17
CLT00297,Client 00297,Retail,Mumbai,Low,2025-07-02
CLT00298,Client 00298,Retail,Pune,Medium,2023-02-07
CLT00299,Client 00299,Retail,Chennai,Medium,2022-10-13
CLT00300,Client 00300,Retail,Madurai,Medium,2023-02-04
CLT00301,Client 00301,Retail,Chennai,Medium,2025-07-10
CLT00302,Client 00302,Retail,Bengaluru,Low,2023-12-27
CLT00303,Client 00303,Institutional,Delhi,Low,2025-08-10
CLT00304,Client 00304,Retail,Coimbatore,Low,2023-11-16
CLT00305,Client 00305,Retail,Madurai,Low,2025-03-29
CLT00306,Client 00306,Retail,Chennai,Low,2023-12-02
CLT00307,Client 00307,Retail,Hyderabad,High,2023-11-15
CLT00308,Client 00308,Retail,Madurai,Low,2022-08-29
CLT00309,Client 00309,Retail,Delhi,Low,2024-03-21
CLT00310,Client 00310,Retail,Pune,Low,2026-01-17
CLT00311,Client 00311,Retail,Madurai,High,2025-11-30
CLT00312,Client 00312,Retail,Pune,Low,2025-06-22
CLT00313,Client 00313,HNI,Delhi,Low,2026-03-08
CLT00314,Client 00314,Retail,Chennai,Low,2025-12-27
CLT00315,Client 00315,Retail,Delhi,Low,2024-05-29
CLT00316,Client 00316,Retail,Madurai,High,2025-06-30
CLT00317,Client 00317,Institutional,Hyderabad,High,2026-02-06
CLT00318,Client 00318,Retail,Mumbai,Low,2024-09-21
CLT00319,Client 00319,Retail,Madurai,High,2024-05-26
CLT00320,Client 00320,Institutional,Delhi,Medium,2025-06-26
CLT00321,Client 00321,HNI,Mumbai,Medium,2024-05-15
CLT00322,Client 00322,HNI,Delhi,Low,2026-01-26
CLT00323,Client 00323,Retail,Hyderabad,Low,2025-07-19
CLT00324,Client 00324,Retail,Delhi,Low,2022-12-01
CLT00325,Client 00325,Retail,Chennai,Medium,2022-12-01
CLT00326,Client 00326,HNI,Coimbatore,Low,2024-01-25
CLT00327,Client 00327,Retail,Pune,Low,2023-02-01
CLT00328,Client 00328,Retail,Pune,Low,2025-01-28
CLT00329,Client 00329,Retail,Madurai,Medium,2025-01-29
CLT00330,Client 00330,Retail,Coimbatore,Low,2024-05-13
CLT00331,Client 00331,Retail,Delhi,Medium,2025-10-05
CLT00332,Client 00332,Retail,Hyderabad,High,2023-12-12
CLT00333,Client 00333,Retail,Madurai,Low,2022-08-09
CLT00334,Client 00334,Retail,Delhi,Medium,2026-01-03
CLT00335,Client 00335,Retail,Mumbai,Low,2025-03-04
CLT00336,Client 00336,Retail,Bengaluru,Medium,2024-03-11
CLT00337,Client 00337,Retail,Delhi,Low,2026-03-03
CLT00338,Client 00338,Retail,Coimbatore,Medium,2023-10-24
CLT00339,Client 00339,Retail,Madurai,Medium,2024-05-06
CLT00340,Client 00340,Retail,Coimbatore,High,2025-05-17
CLT00341,Client 00341,Retail,Madurai,Medium,2023-03-27
CLT00342,Client 00342,Retail,Delhi,Low,2022-12-01
CLT00343,Client 00343,Retail,Chennai,Medium,2022-07-07
CLT00344,Client 00344,Retail,Mumbai,Medium,2024-08-18
CLT00345,Client 00345,Retail,Delhi,Medium,2026-03-14
CLT00346,Client 00346,Retail,Pune,Low,2024-01-29
CLT00347,Client 00347,Institutional,Coimbatore,High,2026-03-05
CLT00348,Client 00348,Retail,Bengaluru,Medium,2023-02-05
CLT00349,Client 00349,HNI,Bengaluru,Medium,2026-05-27
CLT00350,Client 00350,Retail,Hyderabad,Low,2025-02-23
CLT00351,Client 00351,Retail,Madurai,Medium,2024-05-16
CLT00352,Client 00352,Retail,Coimbatore,Low,2023-01-25
CLT00353,Client 00353,Retail,Hyderabad,Medium,2023-12-05
CLT00354,Client 00354,Retail,Coimbatore,Low,2026-02-06
CLT00355,Client 00355,Retail,Pune,Medium,2022-08-14
CLT00356,Client 00356,Retail,Madurai,High,2023-09-17
CLT00357,Client 00357,HNI,Delhi,Low,2024-09-12
CLT00358,Client 00358,HNI,Delhi,High,2025-09-06
CLT00359,Client 00359,Institutional,Bengaluru,Low,2022-09-20
CLT00360,Client 00360,Retail,Delhi,Medium,2025-11-09
CLT00361,Client 00361,Retail,Delhi,Medium,2024-09-26
CLT00362,Client 00362,HNI,Pune,Medium,2024-09-10
CLT00363,Client 00363,Retail,Chennai,Medium,2025-11-11
CLT00364,Client 00364,Retail,Bengaluru,Medium,2025-12-14
CLT00365,Client 00365,Retail,Hyderabad,Low,2025-10-22
CLT00366,Client 00366,Retail,Mumbai,Low,2024-11-14
CLT00367,Client 00367,HNI,Chennai,Medium,2024-09-11
CLT00368,Client 00368,Retail,Hyderabad,Medium,2025-11-12
CLT00369,Client 00369,HNI,Madurai,Medium,2022-10-05
CLT00370,Client 00370,Retail,Chennai,Medium,2025-01-17
CLT00371,Client 00371,Retail,Pune,Low,2024-02-26
CLT00372,Client 00372,Retail,Hyderabad,Medium,2024-05-26
CLT00373,Client 00373,HNI,Madurai,Low,2025-01-10
CLT00374,Client 00374,Retail,Bengaluru,Low,2025-12-04
CLT00375,Client 00375,Retail,Mumbai,Low,2025-03-29
CLT00376,Client 00376,Retail,Madurai,Low,2025-04-25
CLT00377,Client 00377,HNI,Delhi,Low,2025-09-25
CLT00378,Client 00378,Retail,Coimbatore,Low,2022-08-04
CLT00379,Client 00379,HNI,Madurai,Medium,2026-04-08
CLT00380,Client 00380,Retail,Madurai,Low,2023-08-02
CLT00381,Client 00381,Retail,Mumbai,Low,2025-03-31
CLT00382,Client 00382,Retail,Coimbatore,Low,2025-09-30
CLT00383,Client 00383,Retail,Delhi,Low,2025-05-10
CLT00384,Client 00384,Retail,Hyderabad,Low,2022-09-27
CLT00385,Client 00385,Retail,Hyderabad,Low,2024-08-08
CLT00386,Client 00386,Retail,Madurai,Medium,2025-02-05
CLT00387,Client 00387,HNI,Pune,Medium,2024-08-01
CLT00388,Client 00388,Retail,Pune,Medium,2026-06-16
CLT00389,Client 00389,Retail,Coimbatore,Low,2026-06-12
CLT00390,Client 00390,HNI,Coimbatore,Low,2025-05-18
CLT00391,Client 00391,Retail,Delhi,Medium,2023-08-16
CLT00392,Client 00392,Retail,Mumbai,Low,2026-03-19
CLT00393,Client 00393,HNI,Bengaluru,Low,2022-09-13
CLT00394,Client 00394,Retail,Hyderabad,Low,2022-12-08
CLT00395,Client 00395,Retail,Mumbai,Low,2023-05-10
CLT00396,Client 00396,Retail,Chennai,Low,2023-01-29
CLT00397,Client 00397,HNI,Hyderabad,Low,2023-05-27
CLT00398,Client 00398,Retail,Mumbai,Medium,2026-02-19
CLT00399,Client 00399,Retail,Hyderabad,Low,2025-07-08
CLT00400,Client 00400,HNI,Bengaluru,Medium,2023-03-13
CLT00401,Client 00401,HNI,Chennai,Medium,2026-02-26
CLT00402,Client 00402,Retail,Pune,Medium,2022-12-28
CLT00403,Client 00403,Retail,Pune,Medium,2025-02-05
CLT00404,Client 00404,Retail,Bengaluru,High,2025-04-12
CLT00405,Client 00405,Retail,Delhi,Low,2023-06-03
CLT00406,Client 00406,Retail,Chennai,Low,2023-02-03
CLT00407,Client 00407,Retail,Madurai,Low,2024-02-12
CLT00408,Client 00408,Retail,Mumbai,Medium,2025-03-19
CLT00409,Client 00409,HNI,Chennai,Medium,2023-09-05
CLT00410,Client 00410,Retail,Delhi,Low,2022-08-06
CLT00411,Client 00411,HNI,Delhi,High,2025-09-06
CLT00412,Client 00412,Retail,Bengaluru,Low,2025-11-16
CLT00413,Client 00413,HNI,Hyderabad,High,2023-12-25
CLT00414,Client 00414,Retail,Chennai,Low,2023-07-11
CLT00415,Client 00415,Retail,Mumbai,Low,2023-12-11
CLT00416,Client 00416,HNI,Chennai,Low,2026-03-15
CLT00417,Client 00417,Retail,Coimbatore,Low,2023-09-02
CLT00418,Client 00418,Retail,Hyderabad,Low,2022-08-18
CLT00419,Client 00419,Retail,Mumbai,Low,2025-02-20
CLT00420,Client 00420,Retail,Pune,Medium,2023-12-16
CLT00421,Client 00421,Retail,Mumbai,Low,2024-11-14
CLT00422,Client 00422,Retail,Madurai,Low,2025-11-13
CLT00423,Client 00423,Retail,Bengaluru,Medium,2024-11-10
CLT00424,Client 00424,Retail,Madurai,Medium,2025-08-25
CLT00425,Client 00425,Retail,Mumbai,Low,2024-12-16
CLT00426,Client 00426,Retail,Hyderabad,Low,2023-09-03
CLT00427,Client 00427,HNI,Chennai,Low,2025-12-08
CLT00428,Client 00428,Retail,Pune,Low,2023-09-01
CLT00429,Client 00429,Retail,Chennai,Medium,2022-07-24
CLT00430,Client 00430,Retail,Hyderabad,Low,2022-07-05
CLT00431,Client 00431,HNI,Mumbai,Low,2022-09-03
CLT00432,Client 00432,Retail,Delhi,Medium,2023-08-26
CLT00433,Client 00433,Retail,Chennai,Low,2024-11-25
CLT00434,Client 00434,Retail,Delhi,Medium,2023-09-24
CLT00435,Client 00435,Retail,Chennai,Low,2023-07-07
CLT00436,Client 00436,Retail,Chennai,High,2023-02-16
CLT00437,Client 00437,HNI,Pune,Low,2023-06-06
CLT00438,Client 00438,HNI,Bengaluru,Medium,2024-08-06
CLT00439,Client 00439,Retail,Bengaluru,Medium,2026-02-23
CLT00440,Client 00440,Retail,Coimbatore,Low,2022-08-30
CLT00441,Client 00441,HNI,Madurai,Medium,2023-05-06
CLT00442,Client 00442,Retail,Hyderabad,High,2023-08-26
CLT00443,Client 00443,Retail,Hyderabad,Medium,2025-01-15
CLT00444,Client 00444,Retail,Hyderabad,Medium,2023-09-25
CLT00445,Client 00445,Retail,Coimbatore,Medium,2025-11-20
CLT00446,Client 00446,Retail,Bengaluru,Low,2023-04-14
CLT00447,Client 00447,Retail,Mumbai,Low,2024-04-04
CLT00448,Client 00448,HNI,Delhi,Medium,2024-02-15
CLT00449,Client 00449,HNI,Pune,Low,2025-05-26
CLT00450,Client 00450,Retail,Delhi,Medium,2025-12-15
CLT00451,Client 00451,Retail,Mumbai,High,2026-05-28
CLT00452,Client 00452,Institutional,Pune,Low,2023-12-06
CLT00453,Client 00453,HNI,Coimbatore,Low,2025-12-29
CLT00454,Client 00454,Retail,Mumbai,Medium,2023-07-20
CLT00455,Client 00455,HNI,Hyderabad,Low,2023-12-07
CLT00456,Client 00456,HNI,Madurai,Medium,2023-08-26
CLT00457,Client 00457,Retail,Chennai,Low,2025-10-05
CLT00458,Client 00458,Retail,Delhi,Medium,2023-05-19
CLT00459,Client 00459,Retail,Bengaluru,Low,2024-11-29
CLT00460,Client 00460,Retail,Bengaluru,Medium,2025-02-04
CLT00461,Client 00461,Retail,Coimbatore,Low,2023-02-06
CLT00462,Client 00462,HNI,Pune,Medium,2025-01-25
CLT00463,Client 00463,Retail,Bengaluru,Low,2025-08-03
CLT00464,Client 00464,Retail,Hyderabad,Medium,2024-08-06
CLT00465,Client 00465,Retail,Delhi,Medium,2023-07-22
CLT00466,Client 00466,Retail,Mumbai,Low,2025-02-20
CLT00467,Client 00467,HNI,Hyderabad,Low,2024-01-17
CLT00468,Client 00468,Retail,Coimbatore,Low,2024-05-30
CLT00469,Client 00469,Retail,Hyderabad,Medium,2025-01-15
CLT00470,Client 00470,Retail,Mumbai,Medium,2026-01-24
CLT00471,Client 00471,Retail,Madurai,Low,2024-11-18
CLT00472,Client 00472,Retail,Coimbatore,Low,2026-01-27
CLT00473,Client 00473,Retail,Madurai,Low,2023-03-11
CLT00474,Client 00474,Retail,Chennai,Medium,2026-05-06
CLT00475,Client 00475,Retail,Madurai,Low,2024-01-02
CLT00476,Client 00476,Retail,Chennai,High,2022-10-31
CLT00477,Client 00477,Retail,Chennai,Low,2025-12-06
CLT00478,Client 00478,HNI,Madurai,Medium,2025-05-25
CLT00479,Client 00479,Retail,Coimbatore,Low,2024-09-09
CLT00480,Client 00480,Retail,Pune,Low,2023-05-29
CLT00481,Client 00481,Retail,Mumbai,Medium,2023-07-01
CLT00482,Client 00482,Retail,Hyderabad,Medium,2025-01-09
CLT00483,Client 00483,Retail,Hyderabad,High,2022-11-05
CLT00484,Client 00484,Retail,Mumbai,Low,2023-10-11
CLT00485,Client 00485,Institutional,Delhi,Low,2023-05-21
CLT00486,Client 00486,Retail,Delhi,Medium,2023-12-21
CLT00487,Client 00487,Retail,Chennai,Medium,2024-02-18
CLT00488,Client 00488,Retail,Chennai,Low,2026-06-16
CLT00489,Client 00489,Institutional,Coimbatore,Low,2025-04-29
CLT00490,Client 00490,Retail,Bengaluru,Low,2024-06-25
CLT00491,Client 00491,Retail,Madurai,Medium,2022-09-30
CLT00492,Client 00492,Retail,Chennai,Low,2026-01-03
CLT00493,Client 00493,Retail,Hyderabad,Low,2026-03-14
CLT00494,Client 00494,Retail,Coimbatore,Low,2023-03-16
CLT00495,Client 00495,HNI,Madurai,Low,2025-03-11
CLT00496,Client 00496,Retail,Coimbatore,Low,2023-04-22
CLT00497,Client 00497,Retail,Madurai,Low,2024-03-26
CLT00498,Client 00498,Retail,Madurai,Low,2023-05-25
CLT00499,Client 00499,Retail,Mumbai,Medium,2024-06-02
CLT00500,Client 00500,Retail,Chennai,Low,2025-03-16
