AccountID,ClientID,PortfolioType,AccountStatus
ACC00001,CLT00251,Equity,Active
ACC00002,CLT00303,Delivery,Active
ACC00003,CLT00459,Equity,Active
ACC00004,CLT00313,Equity,Active
ACC00005,CLT00118,Delivery,Active
ACC00006,CLT00301,Equity,Active
ACC00007,CLT00161,Equity,Active
ACC00008,CLT00401,Equity,Active
ACC00009,CLT00198,Equity,Active
ACC00010,CLT00260,Equity,Active
ACC00011,CLT00148,Equity,Active
ACC00012,CLT00240,Intraday,Active
ACC00013,CLT00047,Delivery,Active
ACC00014,CLT00475,Delivery,Active
ACC00015,CLT00399,Equity,Active
ACC00016,CLT00198,Intraday,Active
ACC00017,CLT00047,Equity,Active
ACC00018,CLT00078,Equity,Active
ACC00019,CLT00124,Delivery,Active
ACC00020,CLT00075,Equity,Active
ACC00021,CLT00359,Equity,Active
ACC00022,CLT00137,Delivery,Active
ACC00023,CLT00090,Intraday,Active
ACC00024,CLT00400,Delivery,Active
ACC00025,CLT00325,Delivery,Active
ACC00026,CLT00500,Intraday,Active
ACC00027,CLT00061,Equity,Active
ACC00028,CLT00138,Equity,Active
ACC00029,CLT00050,Equity,Active
ACC00030,CLT00259,Equity,Active
ACC00031,CLT00461,Equity,Active
ACC00032,CLT00107,Intraday,Active
ACC00033,CLT00113,Delivery,Active
ACC00034,CLT00350,Delivery,Active
ACC00035,CLT00254,Equity,Active
ACC00036,CLT00118,Intraday,Active
ACC00037,CLT00493,Intraday,Active
ACC00038,CLT00198,Intraday,Active
ACC00039,CLT00337,Equity,Active
ACC00040,CLT00365,Delivery,Active
ACC00041,CLT00051,Equity,Active
ACC00042,CLT00245,Equity,Active
ACC00043,CLT00403,Equity,Active
ACC00044,CLT00426,Delivery,Active
ACC00045,CLT00035,Delivery,Active
ACC00046,CLT00302,Equity,Active
ACC00047,CLT00410,Equity,Active
ACC00048,CLT00499,Delivery,Active
ACC00049,CLT00069,Equity,Active
ACC00050,CLT00349,Equity,Active
ACC00051,CLT00320,Equity,Active
ACC00052,CLT00421,Intraday,Active
ACC00053,CLT00468,Equity,Active
ACC00054,CLT00049,Equity,Active
ACC00055,CLT00405,Equity,Active
ACC00056,CLT00074,Intraday,Active
ACC00057,CLT00192,Delivery,Active
ACC00058,CLT00261,Delivery,Active
ACC00059,CLT00356,Equity,Active
ACC00060,CLT00070,Delivery,Active
ACC00061,CLT00090,Equity,Active
ACC00062,CLT00260,Delivery,Active
ACC00063,CLT00126,Intraday,Active
ACC00064,CLT00231,Delivery,Active
ACC00065,CLT00295,Intraday,Active
ACC00066,CLT00498,Delivery,Active
ACC00067,CLT00419,Equity,Active
ACC00068,CLT00129,Intraday,Active
ACC00069,CLT00280,Equity,Active
ACC00070,CLT00313,Delivery,Active
ACC00071,CLT00100,Equity,Active
ACC00072,CLT00326,Equity,Active
ACC00073,CLT00297,Equity,Active
ACC00074,CLT00182,Equity,Active
ACC00075,CLT00174,Delivery,Active
ACC00076,CLT00316,Delivery,Active
ACC00077,CLT00364,Equity,Active
ACC00078,CLT00188,Equity,Active
ACC00079,CLT00057,Delivery,Active
ACC00080,CLT00031,Equity,Active
ACC00081,CLT00084,Delivery,Active
ACC00082,CLT00152,Delivery,Active
ACC00083,CLT00473,Intraday,Active
ACC00084,CLT00036,Delivery,Active
ACC00085,CLT00213,Equity,Active
ACC00086,CLT00414,Delivery,Active
ACC00087,CLT00408,Equity,Active
ACC00088,CLT00364,Equity,Active
ACC00089,CLT00106,Intraday,Active
ACC00090,CLT00414,Equity,Active
ACC00091,CLT00342,Intraday,Active
ACC00092,CLT00220,Intraday,Active
ACC00093,CLT00391,Intraday,Active
ACC00094,CLT00163,Intraday,Active
ACC00095,CLT00439,Equity,Active
ACC00096,CLT00220,Equity,Active
ACC00097,CLT00270,Delivery,Active
ACC00098,CLT00120,Equity,Active
ACC00099,CLT00394,Delivery,Dormant
ACC00100,CLT00336,Delivery,Active
ACC00101,CLT00400,Delivery,Active
ACC00102,CLT00182,Equity,Active
ACC00103,CLT00479,Equity,Active
ACC00104,CLT00106,Equity,Active
ACC00105,CLT00217,Equity,Active
ACC00106,CLT00205,Intraday,Active
ACC00107,CLT00070,Equity,Active
ACC00108,CLT00044,Equity,Active
ACC00109,CLT00329,Equity,Active
ACC00110,CLT00301,Delivery,Active
ACC00111,CLT00228,Delivery,Active
ACC00112,CLT00184,Equity,Active
ACC00113,CLT00107,Equity,Active
ACC00114,CLT00084,Equity,Active
ACC00115,CLT00338,Equity,Active
ACC00116,CLT00250,Delivery,Active
ACC00117,CLT00363,Delivery,Active
ACC00118,CLT00441,Equity,Active
ACC00119,CLT00021,Equity,Active
ACC00120,CLT00196,Intraday,Active
ACC00121,CLT00178,Delivery,Active
ACC00122,CLT00417,Delivery,Active
ACC00123,CLT00475,Equity,Active
ACC00124,CLT00007,Delivery,Active
ACC00125,CLT00070,Equity,Active
ACC00126,CLT00127,Delivery,Active
ACC00127,CLT00399,Intraday,Active
ACC00128,CLT00466,Equity,Active
ACC00129,CLT00160,Equity,Active
ACC00130,CLT00248,Equity,Active
ACC00131,CLT00203,Equity,Active
ACC00132,CLT00148,Equity,Active
ACC00133,CLT00472,Equity,Active
ACC00134,CLT00143,Intraday,Active
ACC00135,CLT00432,Delivery,Active
ACC00136,CLT00199,Equity,Active
ACC00137,CLT00405,Intraday,Active
ACC00138,CLT00426,Equity,Active
ACC00139,CLT00154,Intraday,Active
ACC00140,CLT00492,Equity,Active
ACC00141,CLT00376,Intraday,Active
ACC00142,CLT00384,Delivery,Active
ACC00143,CLT00142,Intraday,Active
ACC00144,CLT00313,Intraday,Active
ACC00145,CLT00165,Equity,Active
ACC00146,CLT00314,Intraday,Active
ACC00147,CLT00021,Equity,Active
ACC00148,CLT00082,Equity,Active
ACC00149,CLT00069,Equity,Active
ACC00150,CLT00131,Delivery,Active
ACC00151,CLT00087,Equity,Active
ACC00152,CLT00218,Delivery,Active
ACC00153,CLT00421,Delivery,Active
ACC00154,CLT00472,Intraday,Active
ACC00155,CLT00305,Intraday,Active
ACC00156,CLT00403,Equity,Active
ACC00157,CLT00371,Equity,Active
ACC00158,CLT00345,Equity,Active
ACC00159,CLT00341,Equity,Active
ACC00160,CLT00384,Equity,Active
ACC00161,CLT00396,Equity,Active
ACC00162,CLT00445,Equity,Active
ACC00163,CLT00425,Intraday,Active
ACC00164,CLT00161,Delivery,Active
ACC00165,CLT00178,Equity,Active
ACC00166,CLT00117,Delivery,Active
ACC00167,CLT00196,Equity,Active
ACC00168,CLT00383,Equity,Active
ACC00169,CLT00490,Delivery,Active
ACC00170,CLT00327,Delivery,Active
ACC00171,CLT00086,Equity,Active
ACC00172,CLT00289,Intraday,Active
ACC00173,CLT00081,Intraday,Active
ACC00174,CLT00152,Delivery,Active
ACC00175,CLT00061,Delivery,Active
ACC00176,CLT00061,Delivery,Active
ACC00177,CLT00354,Equity,Active
ACC00178,CLT00028,Equity,Active
ACC00179,CLT00442,Equity,Active
ACC00180,CLT00043,Delivery,Active
ACC00181,CLT00169,Delivery,Active
ACC00182,CLT00423,Equity,Active
ACC00183,CLT00086,Intraday,Active
ACC00184,CLT00177,Intraday,Active
ACC00185,CLT00017,Delivery,Active
ACC00186,CLT00098,Delivery,Active
ACC00187,CLT00454,Intraday,Active
ACC00188,CLT00494,Equity,Active
ACC00189,CLT00198,Intraday,Active
ACC00190,CLT00098,Equity,Active
ACC00191,CLT00065,Intraday,Active
ACC00192,CLT00330,Equity,Active
ACC00193,CLT00341,Intraday,Active
ACC00194,CLT00005,Intraday,Active
ACC00195,CLT00002,Equity,Active
ACC00196,CLT00022,Delivery,Active
ACC00197,CLT00112,Intraday,Active
ACC00198,CLT00057,Delivery,Active
ACC00199,CLT00066,Intraday,Active
ACC00200,CLT00330,Delivery,Active
ACC00201,CLT00098,Equity,Active
ACC00202,CLT00144,Equity,Active
ACC00203,CLT00368,Equity,Active
ACC00204,CLT00435,Intraday,Active
ACC00205,CLT00125,Equity,Active
ACC00206,CLT00167,Delivery,Active
ACC00207,CLT00086,Delivery,Active
ACC00208,CLT00076,Delivery,Active
ACC00209,CLT00344,Intraday,Active
ACC00210,CLT00495,Intraday,Active
ACC00211,CLT00424,Equity,Active
ACC00212,CLT00294,Intraday,Active
ACC00213,CLT00444,Intraday,Active
ACC00214,CLT00059,Delivery,Active
ACC00215,CLT00138,Intraday,Active
ACC00216,CLT00099,Equity,Active
ACC00217,CLT00192,Equity,Active
ACC00218,CLT00243,Intraday,Active
ACC00219,CLT00319,Equity,Active
ACC00220,CLT00049,Intraday,Active
ACC00221,CLT00448,Intraday,Active
ACC00222,CLT00032,Equity,Active
ACC00223,CLT00391,Intraday,Active
ACC00224,CLT00277,Equity,Active
ACC00225,CLT00020,Delivery,Active
ACC00226,CLT00154,Delivery,Active
ACC00227,CLT00383,Intraday,Active
ACC00228,CLT00068,Equity,Active
ACC00229,CLT00366,Delivery,Active
ACC00230,CLT00372,Delivery,Active
ACC00231,CLT00214,Delivery,Active
ACC00232,CLT00143,Delivery,Active
ACC00233,CLT00376,Equity,Active
ACC00234,CLT00232,Equity,Active
ACC00235,CLT00213,Equity,Active
ACC00236,CLT00079,Intraday,Active
ACC00237,CLT00214,Equity,Active
ACC00238,CLT00116,Equity,Active
ACC00239,CLT00092,Intraday,Active
ACC00240,CLT00270,Equity,Active
ACC00241,CLT00411,Intraday,Active
ACC00242,CLT00381,Delivery,Active
ACC00243,CLT00489,Intraday,Active
ACC00244,CLT00168,Equity,Active
ACC00245,CLT00058,Equity,Active
ACC00246,CLT00284,Delivery,Active
ACC00247,CLT00026,Intraday,Active
ACC00248,CLT00369,Delivery,Active
ACC00249,CLT00447,Equity,Active
ACC00250,CLT00066,Intraday,Active
ACC00251,CLT00409,Intraday,Active
ACC00252,CLT00248,Delivery,Active
ACC00253,CLT00254,Intraday,Active
ACC00254,CLT00387,Intraday,Active
ACC00255,CLT00456,Delivery,Active
ACC00256,CLT00044,Equity,Active
ACC00257,CLT00097,Delivery,Active
ACC00258,CLT00042,Equity,Active
ACC00259,CLT00500,Equity,Active
ACC00260,CLT00227,Equity,Active
ACC00261,CLT00262,Equity,Active
ACC00262,CLT00167,Equity,Active
ACC00263,CLT00436,Equity,Active
ACC00264,CLT00279,Intraday,Active
ACC00265,CLT00089,Intraday,Active
ACC00266,CLT00379,Equity,Active
ACC00267,CLT00178,Intraday,Active
ACC00268,CLT00427,Delivery,Active
ACC00269,CLT00403,Equity,Active
ACC00270,CLT00197,Equity,Active
ACC00271,CLT00307,Delivery,Active
ACC00272,CLT00267,Intraday,Active
ACC00273,CLT00268,Delivery,Active
ACC00274,CLT00074,Equity,Active
ACC00275,CLT00008,Equity,Active
ACC00276,CLT00408,Equity,Active
ACC00277,CLT00476,Equity,Active
ACC00278,CLT00297,Equity,Active
ACC00279,CLT00164,Equity,Active
ACC00280,CLT00485,Intraday,Active
ACC00281,CLT00085,Intraday,Active
ACC00282,CLT00072,Equity,Active
ACC00283,CLT00055,Intraday,Active
ACC00284,CLT00393,Equity,Active
ACC00285,CLT00047,Delivery,Active
ACC00286,CLT00399,Equity,Active
ACC00287,CLT00432,Delivery,Active
ACC00288,CLT00238,Intraday,Active
ACC00289,CLT00104,Delivery,Active
ACC00290,CLT00210,Equity,Active
ACC00291,CLT00042,Delivery,Active
ACC00292,CLT00316,Equity,Active
ACC00293,CLT00468,Intraday,Active
ACC00294,CLT00454,Delivery,Active
ACC00295,CLT00268,Equity,Active
ACC00296,CLT00386,Delivery,Active
ACC00297,CLT00263,Delivery,Active
ACC00298,CLT00336,Equity,Active
ACC00299,CLT00387,Delivery,Active
ACC00300,CLT00365,Equity,Active
ACC00301,CLT00259,Delivery,Active
ACC00302,CLT00283,Intraday,Active
ACC00303,CLT00114,Intraday,Active
ACC00304,CLT00363,Delivery,Active
ACC00305,CLT00040,Delivery,Active
ACC00306,CLT00486,Equity,Active
ACC00307,CLT00417,Intraday,Active
ACC00308,CLT00220,Equity,Active
ACC00309,CLT00129,Delivery,Active
ACC00310,CLT00008,Equity,Active
ACC00311,CLT00101,Equity,Active
ACC00312,CLT00416,Delivery,Active
ACC00313,CLT00380,Equity,Active
ACC00314,CLT00176,Delivery,Active
ACC00315,CLT00107,Equity,Active
ACC00316,CLT00101,Equity,Active
ACC00317,CLT00260,Delivery,Active
ACC00318,CLT00478,Equity,Active
ACC00319,CLT00454,Equity,Active
ACC00320,CLT00366,Delivery,Active
ACC00321,CLT00246,Equity,Active
ACC00322,CLT00275,Intraday,Active
ACC00323,CLT00032,Equity,Active
ACC00324,CLT00137,Equity,Active
ACC00325,CLT00012,Delivery,Active
ACC00326,CLT00395,Equity,Active
ACC00327,CLT00302,Equity,Active
ACC00328,CLT00375,Equity,Active
ACC00329,CLT00016,Equity,Active
ACC00330,CLT00129,Intraday,Active
ACC00331,CLT00063,Equity,Active
ACC00332,CLT00109,Intraday,Active
ACC00333,CLT00375,Intraday,Active
ACC00334,CLT00021,Equity,Active
ACC00335,CLT00158,Intraday,Active
ACC00336,CLT00269,Equity,Active
ACC00337,CLT00162,Intraday,Active
ACC00338,CLT00260,Equity,Active
ACC00339,CLT00412,Delivery,Active
ACC00340,CLT00102,Delivery,Active
ACC00341,CLT00223,Equity,Active
ACC00342,CLT00059,Delivery,Active
ACC00343,CLT00247,Delivery,Active
ACC00344,CLT00128,Equity,Active
ACC00345,CLT00283,Equity,Active
ACC00346,CLT00325,Delivery,Active
ACC00347,CLT00025,Delivery,Active
ACC00348,CLT00131,Intraday,Active
ACC00349,CLT00353,Intraday,Active
ACC00350,CLT00196,Intraday,Active
ACC00351,CLT00281,Delivery,Active
ACC00352,CLT00404,Equity,Active
ACC00353,CLT00418,Equity,Active
ACC00354,CLT00154,Intraday,Active
ACC00355,CLT00382,Delivery,Active
ACC00356,CLT00133,Equity,Active
ACC00357,CLT00227,Equity,Active
ACC00358,CLT00189,Intraday,Active
ACC00359,CLT00476,Delivery,Active
ACC00360,CLT00477,Equity,Active
ACC00361,CLT00265,Delivery,Active
ACC00362,CLT00372,Equity,Active
ACC00363,CLT00486,Equity,Dormant
ACC00364,CLT00434,Equity,Active
ACC00365,CLT00134,Equity,Active
ACC00366,CLT00211,Intraday,Active
ACC00367,CLT00060,Equity,Active
ACC00368,CLT00428,Intraday,Active
ACC00369,CLT00377,Intraday,Active
ACC00370,CLT00395,Equity,Active
ACC00371,CLT00450,Delivery,Active
ACC00372,CLT00431,Delivery,Active
ACC00373,CLT00364,Intraday,Active
ACC00374,CLT00364,Equity,Active
ACC00375,CLT00457,Delivery,Active
ACC00376,CLT00213,Delivery,Active
ACC00377,CLT00216,Equity,Active
ACC00378,CLT00226,Equity,Active
ACC00379,CLT00470,Delivery,Active
ACC00380,CLT00131,Delivery,Active
ACC00381,CLT00076,Equity,Active
ACC00382,CLT00476,Delivery,Active
ACC00383,CLT00286,Equity,Active
ACC00384,CLT00474,Delivery,Active
ACC00385,CLT00496,Equity,Active
ACC00386,CLT00277,Intraday,Active
ACC00387,CLT00156,Equity,Active
ACC00388,CLT00248,Equity,Active
ACC00389,CLT00218,Equity,Active
ACC00390,CLT00190,Equity,Active
ACC00391,CLT00417,Delivery,Active
ACC00392,CLT00469,Equity,Active
ACC00393,CLT00163,Intraday,Active
ACC00394,CLT00180,Equity,Active
ACC00395,CLT00034,Equity,Active
ACC00396,CLT00041,Equity,Active
ACC00397,CLT00307,Equity,Active
ACC00398,CLT00431,Equity,Active
ACC00399,CLT00338,Equity,Active
ACC00400,CLT00314,Delivery,Active
ACC00401,CLT00075,Equity,Active
ACC00402,CLT00441,Delivery,Active
ACC00403,CLT00279,Delivery,Active
ACC00404,CLT00176,Equity,Active
ACC00405,CLT00384,Delivery,Active
ACC00406,CLT00150,Intraday,Active
ACC00407,CLT00273,Delivery,Active
ACC00408,CLT00325,Delivery,Active
ACC00409,CLT00108,Equity,Active
ACC00410,CLT00139,Intraday,Active
ACC00411,CLT00350,Intraday,Active
ACC00412,CLT00271,Delivery,Active
ACC00413,CLT00347,Intraday,Active
ACC00414,CLT00419,Equity,Active
ACC00415,CLT00289,Equity,Active
ACC00416,CLT00212,Intraday,Active
ACC00417,CLT00381,Intraday,Active
ACC00418,CLT00272,Equity,Active
ACC00419,CLT00418,Equity,Active
ACC00420,CLT00066,Equity,Active
ACC00421,CLT00483,Equity,Active
ACC00422,CLT00424,Intraday,Active
ACC00423,CLT00248,Delivery,Active
ACC00424,CLT00156,Equity,Active
ACC00425,CLT00047,Equity,Active
ACC00426,CLT00423,Equity,Active
ACC00427,CLT00454,Equity,Active
ACC00428,CLT00201,Delivery,Active
ACC00429,CLT00148,Intraday,Active
ACC00430,CLT00124,Intraday,Active
ACC00431,CLT00001,Equity,Active
ACC00432,CLT00456,Intraday,Active
ACC00433,CLT00247,Intraday,Active
ACC00434,CLT00343,Intraday,Active
ACC00435,CLT00128,Delivery,Active
ACC00436,CLT00191,Equity,Active
ACC00437,CLT00067,Equity,Active
ACC00438,CLT00004,Equity,Active
ACC00439,CLT00442,Equity,Active
ACC00440,CLT00409,Equity,Active
ACC00441,CLT00303,Delivery,Active
ACC00442,CLT00294,Delivery,Active
ACC00443,CLT00143,Delivery,Active
ACC00444,CLT00191,Equity,Active
ACC00445,CLT00021,Intraday,Active
ACC00446,CLT00227,Intraday,Active
ACC00447,CLT00313,Intraday,Active
ACC00448,CLT00117,Intraday,Active
ACC00449,CLT00437,Delivery,Active
ACC00450,CLT00302,Intraday,Active
ACC00451,CLT00500,Equity,Active
ACC00452,CLT00142,Equity,Active
ACC00453,CLT00484,Equity,Active
ACC00454,CLT00460,Equity,Active
ACC00455,CLT00401,Equity,Active
ACC00456,CLT00039,Delivery,Active
ACC00457,CLT00393,Intraday,Dormant
ACC00458,CLT00355,Delivery,Active
ACC00459,CLT00252,Equity,Active
ACC00460,CLT00333,Intraday,Active
ACC00461,CLT00207,Delivery,Active
ACC00462,CLT00210,Equity,Active
ACC00463,CLT00115,Delivery,Active
ACC00464,CLT00225,Equity,Dormant
ACC00465,CLT00134,Equity,Active
ACC00466,CLT00251,Intraday,Active
ACC00467,CLT00219,Equity,Active
ACC00468,CLT00407,Delivery,Active
ACC00469,CLT00443,Intraday,Dormant
ACC00470,CLT00091,Delivery,Active
ACC00471,CLT00354,Equity,Active
ACC00472,CLT00376,Equity,Active
ACC00473,CLT00046,Equity,Active
ACC00474,CLT00038,Delivery,Active
ACC00475,CLT00142,Equity,Active
ACC00476,CLT00100,Equity,Active
ACC00477,CLT00328,Intraday,Active
ACC00478,CLT00190,Delivery,Active
ACC00479,CLT00035,Equity,Active
ACC00480,CLT00147,Delivery,Active
ACC00481,CLT00030,Delivery,Active
ACC00482,CLT00334,Equity,Active
ACC00483,CLT00084,Equity,Active
ACC00484,CLT00369,Intraday,Active
ACC00485,CLT00281,Delivery,Active
ACC00486,CLT00424,Delivery,Active
ACC00487,CLT00344,Equity,Active
ACC00488,CLT00270,Equity,Active
ACC00489,CLT00154,Equity,Active
ACC00490,CLT00102,Equity,Active
ACC00491,CLT00215,Equity,Active
ACC00492,CLT00150,Equity,Active
ACC00493,CLT00432,Intraday,Dormant
ACC00494,CLT00083,Intraday,Active
ACC00495,CLT00110,Intraday,Active
ACC00496,CLT00435,Intraday,Active
ACC00497,CLT00387,Equity,Active
ACC00498,CLT00426,Intraday,Active
ACC00499,CLT00275,Equity,Active
ACC00500,CLT00201,Intraday,Active
ACC00501,CLT00284,Intraday,Active
ACC00502,CLT00468,Delivery,Active
ACC00503,CLT00173,Intraday,Active
ACC00504,CLT00327,Delivery,Active
ACC00505,CLT00206,Equity,Dormant
ACC00506,CLT00063,Equity,Dormant
ACC00507,CLT00073,Delivery,Active
ACC00508,CLT00251,Equity,Active
ACC00509,CLT00124,Delivery,Active
ACC00510,CLT00375,Intraday,Active
ACC00511,CLT00121,Equity,Active
ACC00512,CLT00275,Intraday,Active
ACC00513,CLT00431,Intraday,Active
ACC00514,CLT00500,Intraday,Active
ACC00515,CLT00398,Intraday,Active
ACC00516,CLT00120,Delivery,Active
ACC00517,CLT00422,Intraday,Active
ACC00518,CLT00437,Intraday,Active
ACC00519,CLT00317,Equity,Active
ACC00520,CLT00164,Delivery,Active
ACC00521,CLT00424,Delivery,Active
ACC00522,CLT00465,Equity,Active
ACC00523,CLT00286,Delivery,Active
ACC00524,CLT00265,Delivery,Active
ACC00525,CLT00320,Equity,Active
ACC00526,CLT00161,Delivery,Active
ACC00527,CLT00376,Intraday,Active
ACC00528,CLT00308,Delivery,Active
ACC00529,CLT00089,Equity,Active
ACC00530,CLT00142,Equity,Active
ACC00531,CLT00203,Equity,Active
ACC00532,CLT00309,Intraday,Active
ACC00533,CLT00227,Equity,Active
ACC00534,CLT00489,Delivery,Active
ACC00535,CLT00443,Equity,Active
ACC00536,CLT00334,Equity,Active
ACC00537,CLT00222,Intraday,Active
ACC00538,CLT00041,Delivery,Active
ACC00539,CLT00196,Equity,Active
ACC00540,CLT00068,Equity,Active
ACC00541,CLT00476,Equity,Active
ACC00542,CLT00264,Delivery,Active
ACC00543,CLT00002,Delivery,Active
ACC00544,CLT00361,Equity,Active
ACC00545,CLT00125,Equity,Active
ACC00546,CLT00110,Equity,Active
ACC00547,CLT00086,Intraday,Active
ACC00548,CLT00425,Intraday,Active
ACC00549,CLT00120,Equity,Active
ACC00550,CLT00127,Intraday,Active
ACC00551,CLT00255,Equity,Active
ACC00552,CLT00183,Equity,Active
ACC00553,CLT00016,Intraday,Active
ACC00554,CLT00477,Intraday,Active
ACC00555,CLT00062,Intraday,Active
ACC00556,CLT00369,Delivery,Active
ACC00557,CLT00432,Equity,Active
ACC00558,CLT00158,Intraday,Active
ACC00559,CLT00268,Equity,Active
ACC00560,CLT00035,Delivery,Active
ACC00561,CLT00267,Equity,Active
ACC00562,CLT00064,Delivery,Active
ACC00563,CLT00494,Equity,Active
ACC00564,CLT00050,Equity,Dormant
ACC00565,CLT00469,Intraday,Active
ACC00566,CLT00255,Equity,Active
ACC00567,CLT00149,Delivery,Active
ACC00568,CLT00325,Equity,Active
ACC00569,CLT00304,Equity,Active
ACC00570,CLT00276,Equity,Active
ACC00571,CLT00357,Equity,Active
ACC00572,CLT00451,Intraday,Active
ACC00573,CLT00172,Equity,Active
ACC00574,CLT00417,Intraday,Active
ACC00575,CLT00201,Delivery,Active
ACC00576,CLT00445,Equity,Active
ACC00577,CLT00393,Delivery,Active
ACC00578,CLT00324,Delivery,Active
ACC00579,CLT00035,Intraday,Active
ACC00580,CLT00465,Equity,Active
ACC00581,CLT00482,Equity,Active
ACC00582,CLT00216,Intraday,Active
ACC00583,CLT00480,Intraday,Active
ACC00584,CLT00065,Intraday,Active
ACC00585,CLT00008,Equity,Active
ACC00586,CLT00301,Intraday,Active
ACC00587,CLT00343,Delivery,Active
ACC00588,CLT00431,Delivery,Active
ACC00589,CLT00424,Equity,Active
ACC00590,CLT00332,Delivery,Active
ACC00591,CLT00438,Equity,Active
ACC00592,CLT00076,Equity,Active
ACC00593,CLT00174,Intraday,Active
ACC00594,CLT00047,Equity,Active
ACC00595,CLT00015,Equity,Active
ACC00596,CLT00361,Equity,Active
ACC00597,CLT00147,Intraday,Active
ACC00598,CLT00026,Delivery,Active
ACC00599,CLT00308,Equity,Active
ACC00600,CLT00093,Intraday,Active
ACC00601,CLT00406,Intraday,Active
ACC00602,CLT00232,Equity,Active
ACC00603,CLT00021,Delivery,Active
ACC00604,CLT00307,Intraday,Active
ACC00605,CLT00038,Delivery,Active
ACC00606,CLT00276,Equity,Active
ACC00607,CLT00157,Intraday,Active
ACC00608,CLT00179,Delivery,Active
ACC00609,CLT00132,Equity,Active
ACC00610,CLT00311,Equity,Active
ACC00611,CLT00455,Equity,Active
ACC00612,CLT00348,Equity,Active
ACC00613,CLT00028,Intraday,Active
ACC00614,CLT00260,Equity,Active
ACC00615,CLT00406,Equity,Active
ACC00616,CLT00076,Delivery,Active
ACC00617,CLT00429,Equity,Active
ACC00618,CLT00067,Intraday,Active
ACC00619,CLT00342,Equity,Active
ACC00620,CLT00492,Equity,Active
ACC00621,CLT00194,Equity,Active
ACC00622,CLT00472,Equity,Active
ACC00623,CLT00162,Equity,Active
ACC00624,CLT00347,Delivery,Active
ACC00625,CLT00439,Intraday,Active
ACC00626,CLT00361,Equity,Active
ACC00627,CLT00257,Delivery,Active
ACC00628,CLT00072,Delivery,Active
ACC00629,CLT00087,Intraday,Active
ACC00630,CLT00422,Equity,Active
ACC00631,CLT00262,Equity,Active
ACC00632,CLT00214,Equity,Active
ACC00633,CLT00153,Delivery,Active
ACC00634,CLT00210,Intraday,Active
ACC00635,CLT00401,Equity,Dormant
ACC00636,CLT00061,Equity,Active
ACC00637,CLT00268,Intraday,Active
ACC00638,CLT00262,Intraday,Active
ACC00639,CLT00218,Intraday,Active
ACC00640,CLT00283,Intraday,Active
ACC00641,CLT00136,Equity,Active
ACC00642,CLT00467,Delivery,Active
ACC00643,CLT00380,Delivery,Active
ACC00644,CLT00362,Equity,Active
ACC00645,CLT00449,Delivery,Active
ACC00646,CLT00441,Delivery,Active
ACC00647,CLT00093,Equity,Active
ACC00648,CLT00109,Intraday,Active
ACC00649,CLT00241,Delivery,Active
ACC00650,CLT00355,Intraday,Active
