AccountID,SnapshotDate,AvailableCash,UsedMargin,AvailableMargin,MarginUtilizationPct
ACC00001,2026-08-03,194919.3,58611.81,136307.49,30.07
ACC00002,2026-08-03,42756.77,31753.47,11003.3,74.27
ACC00003,2026-08-03,105576.85,55852.26,49724.59,52.9
ACC00004,2026-08-03,2198014.06,1570011.7,628002.36,71.43
ACC00005,2026-08-03,43700.8,6545.93,37154.87,14.98
ACC00006,2026-08-03,290428.87,92210.48,198218.39,31.75
ACC00007,2026-08-03,18429.63,8077.93,10351.7,43.83
ACC00008,2026-08-03,355820.76,36909.52,318911.24,10.37
ACC00009,2026-08-03,61455.29,3252.9,58202.39,5.29
ACC00010,2026-08-03,224241.49,116449.51,107791.98,51.93
ACC00011,2026-08-03,41227.67,20583.89,20643.78,49.93
ACC00012,2026-08-03,200635.15,67724.83,132910.32,33.76
ACC00013,2026-08-03,60460.18,23745.79,36714.39,39.28
ACC00014,2026-08-03,73375.28,25007.04,48368.24,34.08
ACC00015,2026-08-03,233369.1,15589.88,217779.22,6.68
ACC00016,2026-08-03,97538.76,27775.15,69763.61,28.48
ACC00017,2026-08-03,219426.37,38170.88,181255.49,17.4
ACC00018,2026-08-03,123939.55,14736.03,109203.52,11.89
ACC00019,2026-08-03,160473.52,115493.49,44980.03,71.97
ACC00020,2026-08-03,234093.77,109919.15,124174.62,46.96
ACC00021,2026-08-03,105701.26,59198.99,46502.27,56.01
ACC00022,2026-08-03,55400.33,14999.89,40400.44,27.08
ACC00023,2026-08-03,88086.83,28646.1,59440.73,32.52
ACC00024,2026-08-03,495602.64,106974.24,388628.4,21.58
ACC00025,2026-08-03,168478.54,19859.57,148618.97,11.79
ACC00026,2026-08-03,64440.15,11297.78,53142.37,17.53
ACC00027,2026-08-03,224123.2,136325.14,87798.06,60.83
ACC00028,2026-08-03,239595.21,125615.47,113979.74,52.43
ACC00029,2026-08-03,252303.91,109209.8,143094.11,43.29
ACC00030,2026-08-03,56418.55,21583.65,34834.9,38.26
ACC00031,2026-08-03,75811.07,52742.06,23069.01,69.57
ACC00032,2026-08-03,76233.89,7693.1,68540.79,10.09
ACC00033,2026-08-03,104583.67,25771.57,78812.1,24.64
ACC00034,2026-08-03,257122.98,75840.09,181282.89,29.5
ACC00035,2026-08-03,201707.8,120560.36,81147.44,59.77
ACC00036,2026-08-03,218296.07,162578.23,55717.84,74.48
ACC00037,2026-08-03,580944.04,126918.47,454025.57,21.85
ACC00038,2026-08-03,298725.84,197761.03,100964.81,66.2
ACC00039,2026-08-03,130169.01,82193.39,47975.62,63.14
ACC00040,2026-08-03,45913.08,9515.95,36397.13,20.73
ACC00041,2026-08-03,73412.06,24191.68,49220.38,32.95
ACC00042,2026-08-03,115460.7,38883.82,76576.88,33.68
ACC00043,2026-08-03,343698.6,252534.08,91164.52,73.48
ACC00044,2026-08-03,145955.73,25779.33,120176.4,17.66
ACC00045,2026-08-03,77823.18,47426.27,30396.91,60.94
ACC00046,2026-08-03,72077.53,20465.33,51612.2,28.39
ACC00047,2026-08-03,139918.08,78579.29,61338.79,56.16
ACC00048,2026-08-03,365264.9,125653.94,239610.96,34.4
ACC00049,2026-08-03,736312.48,334913.08,401399.4,45.49
ACC00050,2026-08-03,122103.21,77270.36,44832.85,63.28
ACC00051,2026-08-03,143436.45,87914.48,55521.97,61.29
ACC00052,2026-08-03,44553.63,29249.29,15304.34,65.65
ACC00053,2026-08-03,1042970.18,95673.87,947296.31,9.17
ACC00054,2026-08-03,36952.47,19748.71,17203.76,53.44
ACC00055,2026-08-03,484102.96,71642.96,412460.0,14.8
ACC00056,2026-08-03,104094.52,35503.83,68590.69,34.11
ACC00057,2026-08-03,82373.91,35751.26,46622.65,43.4
ACC00058,2026-08-03,49433.67,16407.91,33025.76,33.19
ACC00059,2026-08-03,1670175.42,690998.63,979176.79,41.37
ACC00060,2026-08-03,187190.52,139937.72,47252.8,74.76
ACC00061,2026-08-03,153226.27,22164.51,131061.76,14.47
ACC00062,2026-08-03,364077.83,190346.89,173730.94,52.28
ACC00063,2026-08-03,78241.69,25600.73,52640.96,32.72
ACC00064,2026-08-03,150277.15,21505.69,128771.46,14.31
ACC00065,2026-08-03,158693.01,25567.94,133125.07,16.11
ACC00066,2026-08-03,89881.27,64219.37,25661.9,71.45
ACC00067,2026-08-03,497837.33,331420.79,166416.54,66.57
ACC00068,2026-08-03,120539.91,82561.32,37978.59,68.49
ACC00069,2026-08-03,31737.64,23615.12,8122.52,74.41
ACC00070,2026-08-03,110956.47,21727.58,89228.89,19.58
ACC00071,2026-08-03,192445.69,57504.22,134941.47,29.88
ACC00072,2026-08-03,61383.56,31824.51,29559.05,51.85
ACC00073,2026-08-03,66422.81,25816.01,40606.8,38.87
ACC00074,2026-08-03,86866.83,29784.26,57082.57,34.29
ACC00075,2026-08-03,508706.36,152849.92,355856.44,30.05
ACC00076,2026-08-03,92155.49,42911.88,49243.61,46.56
ACC00077,2026-08-03,626251.67,283639.02,342612.65,45.29
ACC00078,2026-08-03,81100.15,13220.99,67879.16,16.3
ACC00079,2026-08-03,207607.53,78936.1,128671.43,38.02
ACC00080,2026-08-03,96004.27,41995.17,54009.1,43.74
ACC00081,2026-08-03,318849.26,143227.36,175621.9,44.92
ACC00082,2026-08-03,49026.51,9661.9,39364.61,19.71
ACC00083,2026-08-03,315290.61,179586.37,135704.24,56.96
ACC00084,2026-08-03,168090.86,11369.56,156721.3,6.76
ACC00085,2026-08-03,79094.51,23600.4,55494.11,29.84
ACC00086,2026-08-03,127028.8,75728.07,51300.73,59.61
ACC00087,2026-08-03,695402.1,309262.73,386139.37,44.47
ACC00088,2026-08-03,172169.56,40083.43,132086.13,23.28
ACC00089,2026-08-03,74284.87,39851.39,34433.48,53.65
ACC00090,2026-08-03,44967.59,20108.32,24859.27,44.72
ACC00091,2026-08-03,248648.33,151021.67,97626.66,60.74
ACC00092,2026-08-03,182450.8,102996.69,79454.11,56.45
ACC00093,2026-08-03,300562.58,143391.06,157171.52,47.71
ACC00094,2026-08-03,34758.03,13615.57,21142.46,39.17
ACC00095,2026-08-03,46449.92,6652.91,39797.01,14.32
ACC00096,2026-08-03,472252.83,110003.32,362249.51,23.29
ACC00097,2026-08-03,208925.34,71738.62,137186.72,34.34
ACC00098,2026-08-03,255707.99,120057.33,135650.66,46.95
ACC00099,2026-08-03,57279.81,23461.55,33818.26,40.96
ACC00100,2026-08-03,56241.12,14157.53,42083.59,25.17
ACC00101,2026-08-03,404193.59,22038.68,382154.91,5.45
ACC00102,2026-08-03,423694.62,168362.45,255332.17,39.74
ACC00103,2026-08-03,50517.3,12626.2,37891.1,24.99
ACC00104,2026-08-03,41731.86,23546.19,18185.67,56.42
ACC00105,2026-08-03,134564.32,8983.84,125580.48,6.68
ACC00106,2026-08-03,67443.27,30982.05,36461.22,45.94
ACC00107,2026-08-03,66053.06,46833.73,19219.33,70.9
ACC00108,2026-08-03,42916.53,7385.35,35531.18,17.21
ACC00109,2026-08-03,93897.28,35695.49,58201.79,38.02
ACC00110,2026-08-03,47273.06,5388.91,41884.15,11.4
ACC00111,2026-08-03,50160.83,24477.35,25683.48,48.8
ACC00112,2026-08-03,202153.47,88011.99,114141.48,43.54
ACC00113,2026-08-03,141944.63,47573.58,94371.05,33.52
ACC00114,2026-08-03,243596.7,101083.84,142512.86,41.5
ACC00115,2026-08-03,28835.34,19538.89,9296.45,67.76
ACC00116,2026-08-03,151489.44,28390.03,123099.41,18.74
ACC00117,2026-08-03,1195443.87,78654.42,1116789.45,6.58
ACC00118,2026-08-03,103374.96,67520.95,35854.01,65.32
ACC00119,2026-08-03,342196.22,155350.91,186845.31,45.4
ACC00120,2026-08-03,339217.72,228449.88,110767.84,67.35
ACC00121,2026-08-03,356321.67,166709.25,189612.42,46.79
ACC00122,2026-08-03,177203.18,109354.34,67848.84,61.71
ACC00123,2026-08-03,264203.93,92675.17,171528.76,35.08
ACC00124,2026-08-03,301765.1,173485.35,128279.75,57.49
ACC00125,2026-08-03,283179.6,195147.28,88032.32,68.91
ACC00126,2026-08-03,49068.49,22104.67,26963.82,45.05
ACC00127,2026-08-03,27200.92,4802.31,22398.61,17.65
ACC00128,2026-08-03,31723.31,7555.17,24168.14,23.82
ACC00129,2026-08-03,114488.61,21644.21,92844.4,18.91
ACC00130,2026-08-03,271662.92,60526.48,211136.44,22.28
ACC00131,2026-08-03,49710.89,13148.07,36562.82,26.45
ACC00132,2026-08-03,377890.98,165740.59,212150.39,43.86
ACC00133,2026-08-03,90772.84,41900.21,48872.63,46.16
ACC00134,2026-08-03,91641.12,31941.5,59699.62,34.85
ACC00135,2026-08-03,65009.17,31256.05,33753.12,48.08
ACC00136,2026-08-03,22779.22,2439.71,20339.51,10.71
ACC00137,2026-08-03,188660.56,21026.55,167634.01,11.15
ACC00138,2026-08-03,831559.63,141598.49,689961.14,17.03
ACC00139,2026-08-03,140888.78,58138.35,82750.43,41.27
ACC00140,2026-08-03,23570.68,4709.33,18861.35,19.98
ACC00141,2026-08-03,327333.03,81276.49,246056.54,24.83
ACC00142,2026-08-03,29542.72,9755.57,19787.15,33.02
ACC00143,2026-08-03,44772.8,27683.31,17089.49,61.83
ACC00144,2026-08-03,118190.43,7056.38,111134.05,5.97
ACC00145,2026-08-03,169606.11,85577.34,84028.77,50.46
ACC00146,2026-08-03,54705.89,28349.33,26356.56,51.82
ACC00147,2026-08-03,113672.24,69233.11,44439.13,60.91
ACC00148,2026-08-03,306677.8,215572.13,91105.67,70.29
ACC00149,2026-08-03,351712.53,22543.54,329168.99,6.41
ACC00150,2026-08-03,524314.51,82657.45,441657.06,15.76
ACC00151,2026-08-03,1012374.61,678614.85,333759.76,67.03
ACC00152,2026-08-03,337148.88,125069.76,212079.12,37.1
ACC00153,2026-08-03,120771.31,53769.01,67002.3,44.52
ACC00154,2026-08-03,354230.94,182116.87,172114.07,51.41
ACC00155,2026-08-03,239212.32,125669.38,113542.94,52.53
ACC00156,2026-08-03,248887.82,174773.58,74114.24,70.22
ACC00157,2026-08-03,179083.84,133930.46,45153.38,74.79
ACC00158,2026-08-03,60254.74,33387.77,26866.97,55.41
ACC00159,2026-08-03,53653.08,13469.87,40183.21,25.11
ACC00160,2026-08-03,136117.31,90630.54,45486.77,66.58
ACC00161,2026-08-03,174085.29,14702.31,159382.98,8.45
ACC00162,2026-08-03,76035.05,16100.92,59934.13,21.18
ACC00163,2026-08-03,229058.46,155340.57,73717.89,67.82
ACC00164,2026-08-03,1201590.29,275565.58,926024.71,22.93
ACC00165,2026-08-03,26214.29,5359.66,20854.63,20.45
ACC00166,2026-08-03,268507.75,39386.79,229120.96,14.67
ACC00167,2026-08-03,140423.19,91468.61,48954.58,65.14
ACC00168,2026-08-03,235401.1,94170.04,141231.06,40.0
ACC00169,2026-08-03,97506.65,50939.94,46566.71,52.24
ACC00170,2026-08-03,129615.89,28171.56,101444.33,21.73
ACC00171,2026-08-03,170738.94,99135.86,71603.08,58.06
ACC00172,2026-08-03,110941.32,64568.28,46373.04,58.2
ACC00173,2026-08-03,32789.03,8814.3,23974.73,26.88
ACC00174,2026-08-03,118714.36,40063.47,78650.89,33.75
ACC00175,2026-08-03,36386.64,7160.28,29226.36,19.68
ACC00176,2026-08-03,288250.07,211458.15,76791.92,73.36
ACC00177,2026-08-03,23221.77,11655.51,11566.26,50.19
ACC00178,2026-08-03,419594.88,295470.62,124124.26,70.42
ACC00179,2026-08-03,230487.88,60473.08,170014.8,26.24
ACC00180,2026-08-03,231371.33,138203.56,93167.77,59.73
ACC00181,2026-08-03,17224.37,10095.22,7129.15,58.61
ACC00182,2026-08-03,107989.7,57683.67,50306.03,53.42
ACC00183,2026-08-03,475420.05,345129.89,130290.16,72.59
ACC00184,2026-08-03,89302.31,29066.89,60235.42,32.55
ACC00185,2026-08-03,51038.14,7222.0,43816.14,14.15
ACC00186,2026-08-03,79357.68,41281.56,38076.12,52.02
ACC00187,2026-08-03,140100.17,78528.51,61571.66,56.05
ACC00188,2026-08-03,64024.44,28973.77,35050.67,45.25
ACC00189,2026-08-03,515147.12,100336.51,414810.61,19.48
ACC00190,2026-08-03,140606.86,56681.32,83925.54,40.31
ACC00191,2026-08-03,86061.83,23110.42,62951.41,26.85
ACC00192,2026-08-03,40824.88,14257.13,26567.75,34.92
ACC00193,2026-08-03,243491.47,122148.23,121343.24,50.17
ACC00194,2026-08-03,238007.36,136056.98,101950.38,57.17
ACC00195,2026-08-03,67926.51,14438.27,53488.24,21.26
ACC00196,2026-08-03,16027.5,5348.82,10678.68,33.37
ACC00197,2026-08-03,226195.01,53927.85,172267.16,23.84
ACC00198,2026-08-03,124441.02,23524.6,100916.42,18.9
ACC00199,2026-08-03,209915.79,125607.53,84308.26,59.84
ACC00200,2026-08-03,1061894.47,728966.01,332928.46,68.65
ACC00201,2026-08-03,146028.74,45146.61,100882.13,30.92
ACC00202,2026-08-03,89729.24,51674.64,38054.6,57.59
ACC00203,2026-08-03,47622.88,32283.39,15339.49,67.79
ACC00204,2026-08-03,109750.93,70491.59,39259.34,64.23
ACC00205,2026-08-03,176128.29,31345.44,144782.85,17.8
ACC00206,2026-08-03,158213.08,113819.17,44393.91,71.94
ACC00207,2026-08-03,840587.15,263669.92,576917.23,31.37
ACC00208,2026-08-03,247082.15,71028.32,176053.83,28.75
ACC00209,2026-08-03,131083.49,12282.78,118800.71,9.37
ACC00210,2026-08-03,74000.71,28884.07,45116.64,39.03
ACC00211,2026-08-03,195841.97,24736.71,171105.26,12.63
ACC00212,2026-08-03,60559.55,13564.0,46995.55,22.4
ACC00213,2026-08-03,179552.27,48813.05,130739.22,27.19
ACC00214,2026-08-03,244215.06,150480.05,93735.01,61.62
ACC00215,2026-08-03,120805.65,80075.07,40730.58,66.28
ACC00216,2026-08-03,79865.89,20903.01,58962.88,26.17
ACC00217,2026-08-03,16866.65,10981.69,5884.96,65.11
ACC00218,2026-08-03,470818.19,306060.86,164757.33,65.01
ACC00219,2026-08-03,224513.47,131397.78,93115.69,58.53
ACC00220,2026-08-03,230039.85,35124.0,194915.85,15.27
ACC00221,2026-08-03,31477.81,16784.79,14693.02,53.32
ACC00222,2026-08-03,596139.08,424163.0,171976.08,71.15
ACC00223,2026-08-03,94199.83,49716.63,44483.2,52.78
ACC00224,2026-08-03,112374.83,31704.51,80670.32,28.21
ACC00225,2026-08-03,51487.98,20616.07,30871.91,40.04
ACC00226,2026-08-03,25120.63,12610.75,12509.88,50.2
ACC00227,2026-08-03,477221.91,194419.87,282802.04,40.74
ACC00228,2026-08-03,543066.98,72753.09,470313.89,13.4
ACC00229,2026-08-03,127116.9,34123.88,92993.02,26.84
ACC00230,2026-08-03,76039.33,46511.53,29527.8,61.17
ACC00231,2026-08-03,102882.87,67181.75,35701.12,65.3
ACC00232,2026-08-03,105743.92,15450.25,90293.67,14.61
ACC00233,2026-08-03,45185.47,32383.1,12802.37,71.67
ACC00234,2026-08-03,111986.7,31375.97,80610.73,28.02
ACC00235,2026-08-03,174816.58,89789.22,85027.36,51.36
ACC00236,2026-08-03,415213.37,239278.17,175935.2,57.63
ACC00237,2026-08-03,152151.91,94085.02,58066.89,61.84
ACC00238,2026-08-03,31009.19,22079.31,8929.88,71.2
ACC00239,2026-08-03,213616.67,57472.22,156144.45,26.9
ACC00240,2026-08-03,116129.36,75594.93,40534.43,65.1
ACC00241,2026-08-03,590544.5,83964.11,506580.39,14.22
ACC00242,2026-08-03,626465.12,340501.73,285963.39,54.35
ACC00243,2026-08-03,648777.36,369403.71,279373.65,56.94
ACC00244,2026-08-03,85545.41,44860.55,40684.86,52.44
ACC00245,2026-08-03,1097171.04,248641.25,848529.79,22.66
ACC00246,2026-08-03,213060.85,140860.96,72199.89,66.11
ACC00247,2026-08-03,762815.12,128306.21,634508.91,16.82
ACC00248,2026-08-03,90741.58,7943.91,82797.67,8.75
ACC00249,2026-08-03,111278.78,61450.98,49827.8,55.22
ACC00250,2026-08-03,197287.62,75528.21,121759.41,38.28
ACC00251,2026-08-03,174602.66,112508.48,62094.18,64.44
ACC00252,2026-08-03,526076.81,167491.28,358585.53,31.84
ACC00253,2026-08-03,118926.54,19955.28,98971.26,16.78
ACC00254,2026-08-03,480703.32,305491.54,175211.78,63.55
ACC00255,2026-08-03,311958.39,135463.79,176494.6,43.42
ACC00256,2026-08-03,121175.88,22106.97,99068.91,18.24
ACC00257,2026-08-03,288678.01,160005.21,128672.8,55.43
ACC00258,2026-08-03,93444.74,38104.85,55339.89,40.78
ACC00259,2026-08-03,1573159.18,744134.32,829024.86,47.3
ACC00260,2026-08-03,10446.88,3892.81,6554.07,37.26
ACC00261,2026-08-03,293999.63,185248.07,108751.56,63.01
ACC00262,2026-08-03,25688.4,16201.51,9486.89,63.07
ACC00263,2026-08-03,119698.8,65424.03,54274.77,54.66
ACC00264,2026-08-03,137693.09,17043.78,120649.31,12.38
ACC00265,2026-08-03,677404.68,431640.71,245763.97,63.72
ACC00266,2026-08-03,75074.66,39016.98,36057.68,51.97
ACC00267,2026-08-03,554821.93,298448.1,256373.83,53.79
ACC00268,2026-08-03,46146.39,14032.56,32113.83,30.41
ACC00269,2026-08-03,576690.09,383784.77,192905.32,66.55
ACC00270,2026-08-03,93343.84,52063.47,41280.37,55.78
ACC00271,2026-08-03,161429.71,20794.3,140635.41,12.88
ACC00272,2026-08-03,107152.88,35943.86,71209.02,33.54
ACC00273,2026-08-03,540772.55,362569.75,178202.8,67.05
ACC00274,2026-08-03,445133.9,36962.89,408171.01,8.3
ACC00275,2026-08-03,233723.08,168979.83,64743.25,72.3
ACC00276,2026-08-03,47406.86,24908.22,22498.64,52.54
ACC00277,2026-08-03,73377.21,36098.89,37278.32,49.2
ACC00278,2026-08-03,53627.33,12837.93,40789.4,23.94
ACC00279,2026-08-03,15839.27,3550.44,12288.83,22.42
ACC00280,2026-08-03,529510.71,375656.48,153854.23,70.94
ACC00281,2026-08-03,108073.52,27968.42,80105.1,25.88
ACC00282,2026-08-03,106926.46,63391.75,43534.71,59.29
ACC00283,2026-08-03,669638.17,217756.46,451881.71,32.52
ACC00284,2026-08-03,93190.58,13743.55,79447.03,14.75
ACC00285,2026-08-03,64726.09,3721.8,61004.29,5.75
ACC00286,2026-08-03,119807.91,51634.83,68173.08,43.1
ACC00287,2026-08-03,48325.83,35425.02,12900.81,73.3
ACC00288,2026-08-03,211662.08,65275.6,146386.48,30.84
ACC00289,2026-08-03,103231.42,30973.0,72258.42,30.0
ACC00290,2026-08-03,90320.45,26270.98,64049.47,29.09
ACC00291,2026-08-03,82825.18,34321.15,48504.03,41.44
ACC00292,2026-08-03,134883.82,48351.18,86532.64,35.85
ACC00293,2026-08-03,163059.7,108588.02,54471.68,66.59
ACC00294,2026-08-03,89180.3,36016.76,53163.54,40.39
ACC00295,2026-08-03,104780.68,42481.28,62299.4,40.54
ACC00296,2026-08-03,138256.75,20304.4,117952.35,14.69
ACC00297,2026-08-03,124987.93,92230.8,32757.13,73.79
ACC00298,2026-08-03,154734.58,34812.34,119922.24,22.5
ACC00299,2026-08-03,76245.96,7727.9,68518.06,10.14
ACC00300,2026-08-03,409619.3,210627.22,198992.08,51.42
ACC00301,2026-08-03,165250.66,77131.81,88118.85,46.68
ACC00302,2026-08-03,90630.3,30868.86,59761.44,34.06
ACC00303,2026-08-03,211668.11,73138.65,138529.46,34.55
ACC00304,2026-08-03,139249.42,83486.26,55763.16,59.95
ACC00305,2026-08-03,26491.1,4953.81,21537.29,18.7
ACC00306,2026-08-03,210943.01,131665.84,79277.17,62.42
ACC00307,2026-08-03,54115.96,27281.1,26834.86,50.41
ACC00308,2026-08-03,381863.45,131085.64,250777.81,34.33
ACC00309,2026-08-03,117787.91,43654.56,74133.35,37.06
ACC00310,2026-08-03,327243.84,75152.55,252091.29,22.97
ACC00311,2026-08-03,79871.31,46044.22,33827.09,57.65
ACC00312,2026-08-03,160864.85,65795.7,95069.15,40.9
ACC00313,2026-08-03,503145.2,138162.76,364982.44,27.46
ACC00314,2026-08-03,114619.59,53554.29,61065.3,46.72
ACC00315,2026-08-03,83081.18,62062.81,21018.37,74.7
ACC00316,2026-08-03,288783.11,102426.63,186356.48,35.47
ACC00317,2026-08-03,283240.65,196706.09,86534.56,69.45
ACC00318,2026-08-03,86650.79,25259.73,61391.06,29.15
ACC00319,2026-08-03,20597.59,1819.03,18778.56,8.83
ACC00320,2026-08-03,81500.76,15727.16,65773.6,19.3
ACC00321,2026-08-03,295300.89,101313.78,193987.11,34.31
ACC00322,2026-08-03,69103.2,14079.39,55023.81,20.37
ACC00323,2026-08-03,148368.26,7441.99,140926.27,5.02
ACC00324,2026-08-03,77722.93,53667.77,24055.16,69.05
ACC00325,2026-08-03,21725.1,13919.61,7805.49,64.07
ACC00326,2026-08-03,76336.72,43481.75,32854.97,56.96
ACC00327,2026-08-03,294055.14,49245.48,244809.66,16.75
ACC00328,2026-08-03,14018.57,1882.06,12136.51,13.43
ACC00329,2026-08-03,193021.71,18785.51,174236.2,9.73
ACC00330,2026-08-03,45812.92,25509.57,20303.35,55.68
ACC00331,2026-08-03,275634.96,192990.11,82644.85,70.02
ACC00332,2026-08-03,306419.24,107668.08,198751.16,35.14
ACC00333,2026-08-03,126303.45,16848.69,109454.76,13.34
ACC00334,2026-08-03,126591.72,51734.87,74856.85,40.87
ACC00335,2026-08-03,66971.86,19701.94,47269.92,29.42
ACC00336,2026-08-03,39058.16,12200.89,26857.27,31.24
ACC00337,2026-08-03,819527.7,397414.75,422112.95,48.49
ACC00338,2026-08-03,63153.22,34930.22,28223.0,55.31
ACC00339,2026-08-03,719410.0,91669.03,627740.97,12.74
ACC00340,2026-08-03,63506.05,4757.44,58748.61,7.49
ACC00341,2026-08-03,253617.11,189206.28,64410.83,74.6
ACC00342,2026-08-03,48078.17,10236.31,37841.86,21.29
ACC00343,2026-08-03,253162.18,22197.61,230964.57,8.77
ACC00344,2026-08-03,108315.46,19812.28,88503.18,18.29
ACC00345,2026-08-03,109740.57,8479.71,101260.86,7.73
ACC00346,2026-08-03,276071.11,89520.92,186550.19,32.43
ACC00347,2026-08-03,93830.87,57394.59,36436.28,61.17
ACC00348,2026-08-03,35962.86,10388.63,25574.23,28.89
ACC00349,2026-08-03,321160.45,115915.92,205244.53,36.09
ACC00350,2026-08-03,47690.62,24937.94,22752.68,52.29
ACC00351,2026-08-03,251426.97,102136.14,149290.83,40.62
ACC00352,2026-08-03,396879.16,259166.84,137712.32,65.3
ACC00353,2026-08-03,103042.49,67619.05,35423.44,65.62
ACC00354,2026-08-03,489306.04,27859.86,461446.18,5.69
ACC00355,2026-08-03,242843.94,144402.88,98441.06,59.46
ACC00356,2026-08-03,74796.71,27862.79,46933.92,37.25
ACC00357,2026-08-03,609149.85,452103.94,157045.91,74.22
ACC00358,2026-08-03,47892.72,18594.94,29297.78,38.83
ACC00359,2026-08-03,102918.24,76244.63,26673.61,74.08
ACC00360,2026-08-03,122036.54,70561.35,51475.19,57.82
ACC00361,2026-08-03,274749.29,61550.27,213199.02,22.4
ACC00362,2026-08-03,457633.48,195352.97,262280.51,42.69
ACC00363,2026-08-03,429845.93,320018.13,109827.8,74.45
ACC00364,2026-08-03,187613.43,121999.65,65613.78,65.03
ACC00365,2026-08-03,113337.06,13391.55,99945.51,11.82
ACC00366,2026-08-03,24158.86,13153.54,11005.32,54.45
ACC00367,2026-08-03,40305.56,11765.42,28540.14,29.19
ACC00368,2026-08-03,877687.65,48174.15,829513.5,5.49
ACC00369,2026-08-03,23916.37,7950.68,15965.69,33.24
ACC00370,2026-08-03,68452.81,14671.36,53781.45,21.43
ACC00371,2026-08-03,471180.65,293643.78,177536.87,62.32
ACC00372,2026-08-03,184998.66,52933.93,132064.73,28.61
ACC00373,2026-08-03,379433.88,238765.07,140668.81,62.93
ACC00374,2026-08-03,258130.08,13014.55,245115.53,5.04
ACC00375,2026-08-03,652112.98,173118.65,478994.33,26.55
ACC00376,2026-08-03,201555.06,44103.4,157451.66,21.88
ACC00377,2026-08-03,291221.17,62174.89,229046.28,21.35
ACC00378,2026-08-03,72703.44,7105.35,65598.09,9.77
ACC00379,2026-08-03,269607.79,48795.5,220812.29,18.1
ACC00380,2026-08-03,100938.28,44300.26,56638.02,43.89
ACC00381,2026-08-03,95347.63,24213.79,71133.84,25.4
ACC00382,2026-08-03,366998.88,125578.34,241420.54,34.22
ACC00383,2026-08-03,369539.88,115964.13,253575.75,31.38
ACC00384,2026-08-03,811656.69,538236.7,273419.99,66.31
ACC00385,2026-08-03,760440.96,519920.56,240520.4,68.37
ACC00386,2026-08-03,375384.36,148303.05,227081.31,39.51
ACC00387,2026-08-03,26847.96,7547.21,19300.75,28.11
ACC00388,2026-08-03,932917.04,116391.19,816525.85,12.48
ACC00389,2026-08-03,375629.38,269469.76,106159.62,71.74
ACC00390,2026-08-03,69740.08,6427.17,63312.91,9.22
ACC00391,2026-08-03,310922.74,80328.5,230594.24,25.84
ACC00392,2026-08-03,53163.37,13750.51,39412.86,25.86
ACC00393,2026-08-03,278457.49,76375.57,202081.92,27.43
ACC00394,2026-08-03,40220.03,6636.34,33583.69,16.5
ACC00395,2026-08-03,66847.7,39989.16,26858.54,59.82
ACC00396,2026-08-03,305077.07,41413.76,263663.31,13.57
ACC00397,2026-08-03,438571.14,216844.77,221726.37,49.44
ACC00398,2026-08-03,207695.31,28390.33,179304.98,13.67
ACC00399,2026-08-03,112670.39,11196.61,101473.78,9.94
ACC00400,2026-08-03,18097.41,12425.7,5671.71,68.66
ACC00401,2026-08-03,121706.72,22283.3,99423.42,18.31
ACC00402,2026-08-03,255729.53,159799.02,95930.51,62.49
ACC00403,2026-08-03,109275.28,47124.05,62151.23,43.12
ACC00404,2026-08-03,146651.25,15324.99,131326.26,10.45
ACC00405,2026-08-03,124588.69,89556.06,35032.63,71.88
ACC00406,2026-08-03,108736.67,24234.45,84502.22,22.29
ACC00407,2026-08-03,161824.54,105469.43,56355.11,65.18
ACC00408,2026-08-03,114198.79,19204.47,94994.32,16.82
ACC00409,2026-08-03,635190.43,411450.97,223739.46,64.78
ACC00410,2026-08-03,16514.13,978.63,15535.5,5.93
ACC00411,2026-08-03,86903.01,35477.84,51425.17,40.82
ACC00412,2026-08-03,62826.63,36980.37,25846.26,58.86
ACC00413,2026-08-03,186745.34,131535.36,55209.98,70.44
ACC00414,2026-08-03,162029.77,111223.96,50805.81,68.64
ACC00415,2026-08-03,759627.66,473808.19,285819.47,62.37
ACC00416,2026-08-03,1055507.89,709020.48,346487.41,67.17
ACC00417,2026-08-03,69238.14,13117.43,56120.71,18.95
ACC00418,2026-08-03,150075.03,37358.03,112717.0,24.89
ACC00419,2026-08-03,182534.59,46049.46,136485.13,25.23
ACC00420,2026-08-03,67546.86,21205.51,46341.35,31.39
ACC00421,2026-08-03,281186.27,91476.77,189709.5,32.53
ACC00422,2026-08-03,118052.32,50902.83,67149.49,43.12
ACC00423,2026-08-03,51573.11,8350.5,43222.61,16.19
ACC00424,2026-08-03,113416.51,60549.98,52866.53,53.39
ACC00425,2026-08-03,55310.39,9253.24,46057.15,16.73
ACC00426,2026-08-03,422961.91,113022.16,309939.75,26.72
ACC00427,2026-08-03,1004449.14,404131.66,600317.48,40.23
ACC00428,2026-08-03,191608.58,116403.82,75204.76,60.75
ACC00429,2026-08-03,167655.63,95166.11,72489.52,56.76
ACC00430,2026-08-03,174699.97,87677.38,87022.59,50.19
ACC00431,2026-08-03,489247.9,77810.61,411437.29,15.9
ACC00432,2026-08-03,478824.57,207298.36,271526.21,43.29
ACC00433,2026-08-03,133617.56,14859.95,118757.61,11.12
ACC00434,2026-08-03,193103.29,60664.21,132439.08,31.42
ACC00435,2026-08-03,288092.53,97796.34,190296.19,33.95
ACC00436,2026-08-03,48083.92,3744.2,44339.72,7.79
ACC00437,2026-08-03,504336.41,121944.34,382392.07,24.18
ACC00438,2026-08-03,850196.23,611252.52,238943.71,71.9
ACC00439,2026-08-03,480903.87,345069.12,135834.75,71.75
ACC00440,2026-08-03,43165.49,12804.13,30361.36,29.66
ACC00441,2026-08-03,20918.52,1677.04,19241.48,8.02
ACC00442,2026-08-03,304708.01,53435.56,251272.45,17.54
ACC00443,2026-08-03,70136.68,22763.03,47373.65,32.46
ACC00444,2026-08-03,199890.29,142610.88,57279.41,71.34
ACC00445,2026-08-03,696302.38,103637.19,592665.19,14.88
ACC00446,2026-08-03,77764.12,45450.1,32314.02,58.45
ACC00447,2026-08-03,102830.36,12964.62,89865.74,12.61
ACC00448,2026-08-03,197820.15,145769.77,52050.38,73.69
ACC00449,2026-08-03,40981.7,12996.59,27985.11,31.71
ACC00450,2026-08-03,70300.51,41664.6,28635.91,59.27
ACC00451,2026-08-03,153775.35,44566.21,109209.14,28.98
ACC00452,2026-08-03,111072.2,54355.2,56717.0,48.94
ACC00453,2026-08-03,275625.5,50828.44,224797.06,18.44
ACC00454,2026-08-03,2384190.44,362908.87,2021281.57,15.22
ACC00455,2026-08-03,165632.86,117043.61,48589.25,70.66
ACC00456,2026-08-03,64645.81,44757.73,19888.08,69.24
ACC00457,2026-08-03,619477.05,415810.5,203666.55,67.12
ACC00458,2026-08-03,30625.0,14938.98,15686.02,48.78
ACC00459,2026-08-03,37402.11,23031.76,14370.35,61.58
ACC00460,2026-08-03,82725.83,8134.09,74591.74,9.83
ACC00461,2026-08-03,113040.77,32143.41,80897.36,28.44
ACC00462,2026-08-03,80766.52,21774.02,58992.5,26.96
ACC00463,2026-08-03,145346.85,71939.68,73407.17,49.5
ACC00464,2026-08-03,197428.64,59064.81,138363.83,29.92
ACC00465,2026-08-03,436852.16,67255.46,369596.7,15.4
ACC00466,2026-08-03,164321.29,76824.63,87496.66,46.75
ACC00467,2026-08-03,85514.76,53025.03,32489.73,62.01
ACC00468,2026-08-03,413757.76,131362.48,282395.28,31.75
ACC00469,2026-08-03,66215.85,9441.59,56774.26,14.26
ACC00470,2026-08-03,29313.04,5501.52,23811.52,18.77
ACC00471,2026-08-03,500992.59,108333.79,392658.8,21.62
ACC00472,2026-08-03,469885.26,122136.48,347748.78,25.99
ACC00473,2026-08-03,67920.43,33957.26,33963.17,50.0
ACC00474,2026-08-03,100638.66,47366.78,53271.88,47.07
ACC00475,2026-08-03,59961.8,32214.83,27746.97,53.73
ACC00476,2026-08-03,207942.07,63162.69,144779.38,30.38
ACC00477,2026-08-03,847833.77,531420.81,316412.96,62.68
ACC00478,2026-08-03,302934.65,58424.39,244510.26,19.29
ACC00479,2026-08-03,422572.04,159871.06,262700.98,37.83
ACC00480,2026-08-03,340482.46,207918.04,132564.42,61.07
ACC00481,2026-08-03,149982.13,26413.51,123568.62,17.61
ACC00482,2026-08-03,443179.88,56241.38,386938.5,12.69
ACC00483,2026-08-03,315975.87,211254.76,104721.11,66.86
ACC00484,2026-08-03,632753.55,183530.65,449222.9,29.01
ACC00485,2026-08-03,94735.27,50087.4,44647.87,52.87
ACC00486,2026-08-03,26377.82,1786.94,24590.88,6.77
ACC00487,2026-08-03,426616.85,227400.78,199216.07,53.3
ACC00488,2026-08-03,212811.08,57729.46,155081.62,27.13
ACC00489,2026-08-03,111562.97,9931.18,101631.79,8.9
ACC00490,2026-08-03,117976.15,56259.16,61716.99,47.69
ACC00491,2026-08-03,1930089.43,421845.5,1508243.93,21.86
ACC00492,2026-08-03,78920.47,25314.93,53605.54,32.08
ACC00493,2026-08-03,63900.81,6799.47,57101.34,10.64
ACC00494,2026-08-03,163353.98,24995.49,138358.49,15.3
ACC00495,2026-08-03,488395.81,126291.37,362104.44,25.86
ACC00496,2026-08-03,1464160.44,165203.64,1298956.8,11.28
ACC00497,2026-08-03,289455.12,199023.08,90432.04,68.76
ACC00498,2026-08-03,42107.53,2283.61,39823.92,5.42
ACC00499,2026-08-03,1076531.49,418450.11,658081.38,38.87
ACC00500,2026-08-03,147107.94,20046.87,127061.07,13.63
ACC00501,2026-08-03,64905.08,17224.21,47680.87,26.54
ACC00502,2026-08-03,50970.29,35589.58,15380.71,69.82
ACC00503,2026-08-03,346181.78,56492.08,289689.7,16.32
ACC00504,2026-08-03,190464.28,138292.81,52171.47,72.61
ACC00505,2026-08-03,211814.45,41103.88,170710.57,19.41
ACC00506,2026-08-03,543015.8,309028.27,233987.53,56.91
ACC00507,2026-08-03,67254.28,29099.19,38155.09,43.27
ACC00508,2026-08-03,588037.03,393476.22,194560.81,66.91
ACC00509,2026-08-03,89253.26,39074.66,50178.6,43.78
ACC00510,2026-08-03,1305893.38,553948.81,751944.57,42.42
ACC00511,2026-08-03,272973.39,50997.05,221976.34,18.68
ACC00512,2026-08-03,59763.6,9942.31,49821.29,16.64
ACC00513,2026-08-03,19790.8,13686.18,6104.62,69.15
ACC00514,2026-08-03,336823.82,94137.79,242686.03,27.95
ACC00515,2026-08-03,103177.93,32032.37,71145.56,31.05
ACC00516,2026-08-03,128389.63,74706.91,53682.72,58.19
ACC00517,2026-08-03,322734.92,92681.86,230053.06,28.72
ACC00518,2026-08-03,412010.62,295182.42,116828.2,71.64
ACC00519,2026-08-03,509966.8,288921.41,221045.39,56.65
ACC00520,2026-08-03,46330.2,21691.82,24638.38,46.82
ACC00521,2026-08-03,624236.96,416132.97,208103.99,66.66
ACC00522,2026-08-03,84064.97,7122.33,76942.64,8.47
ACC00523,2026-08-03,15711.38,3612.74,12098.64,22.99
ACC00524,2026-08-03,46163.75,17335.66,28828.09,37.55
ACC00525,2026-08-03,186542.74,38965.98,147576.76,20.89
ACC00526,2026-08-03,56363.46,32168.52,24194.94,57.07
ACC00527,2026-08-03,137358.02,95250.32,42107.7,69.34
ACC00528,2026-08-03,210374.19,72923.92,137450.27,34.66
ACC00529,2026-08-03,125117.07,36220.49,88896.58,28.95
ACC00530,2026-08-03,91494.69,66158.49,25336.2,72.31
ACC00531,2026-08-03,42945.82,15520.48,27425.34,36.14
ACC00532,2026-08-03,153327.95,60155.75,93172.2,39.23
ACC00533,2026-08-03,19023.55,5633.92,13389.63,29.62
ACC00534,2026-08-03,75538.11,51870.8,23667.31,68.67
ACC00535,2026-08-03,59314.35,26588.77,32725.58,44.83
ACC00536,2026-08-03,118067.73,68895.14,49172.59,58.35
ACC00537,2026-08-03,121183.45,74923.45,46260.0,61.83
ACC00538,2026-08-03,391737.5,113327.44,278410.06,28.93
ACC00539,2026-08-03,730780.08,258393.63,472386.45,35.36
ACC00540,2026-08-03,49050.8,31585.29,17465.51,64.39
ACC00541,2026-08-03,1100442.8,334841.35,765601.45,30.43
ACC00542,2026-08-03,68809.35,41681.58,27127.77,60.58
ACC00543,2026-08-03,178245.55,126321.66,51923.89,70.87
ACC00544,2026-08-03,250009.34,121566.36,128442.98,48.62
ACC00545,2026-08-03,1728860.93,983962.35,744898.58,56.91
ACC00546,2026-08-03,87212.96,53511.09,33701.87,61.36
ACC00547,2026-08-03,24875.85,15958.55,8917.3,64.15
ACC00548,2026-08-03,665816.94,217414.09,448402.85,32.65
ACC00549,2026-08-03,65187.11,5598.56,59588.55,8.59
ACC00550,2026-08-03,104485.33,34617.39,69867.94,33.13
ACC00551,2026-08-03,49052.23,25587.08,23465.15,52.16
ACC00552,2026-08-03,104787.19,38273.03,66514.16,36.52
ACC00553,2026-08-03,64731.23,37173.48,27557.75,57.43
ACC00554,2026-08-03,295030.02,88475.87,206554.15,29.99
ACC00555,2026-08-03,162621.75,80387.33,82234.42,49.43
ACC00556,2026-08-03,75912.41,13701.72,62210.69,18.05
ACC00557,2026-08-03,406062.57,233306.75,172755.82,57.46
ACC00558,2026-08-03,193568.61,83619.16,109949.45,43.2
ACC00559,2026-08-03,23678.96,4566.37,19112.59,19.28
ACC00560,2026-08-03,376281.9,95702.72,280579.18,25.43
ACC00561,2026-08-03,180458.92,103588.13,76870.79,57.4
ACC00562,2026-08-03,602668.79,233727.53,368941.26,38.78
ACC00563,2026-08-03,169788.36,34165.15,135623.21,20.12
ACC00564,2026-08-03,67960.45,49413.35,18547.1,72.71
ACC00565,2026-08-03,122283.24,67327.62,54955.62,55.06
ACC00566,2026-08-03,335142.1,241300.43,93841.67,72.0
ACC00567,2026-08-03,69400.79,24219.04,45181.75,34.9
ACC00568,2026-08-03,96576.8,36947.41,59629.39,38.26
ACC00569,2026-08-03,120174.72,81546.8,38627.92,67.86
ACC00570,2026-08-03,47525.37,19843.48,27681.89,41.75
ACC00571,2026-08-03,70408.35,38379.26,32029.09,54.51
ACC00572,2026-08-03,178249.72,40377.31,137872.41,22.65
ACC00573,2026-08-03,499253.03,181083.33,318169.7,36.27
ACC00574,2026-08-03,205980.66,28098.83,177881.83,13.64
ACC00575,2026-08-03,143276.17,27822.23,115453.94,19.42
ACC00576,2026-08-03,65324.33,3309.36,62014.97,5.07
ACC00577,2026-08-03,448449.33,34748.34,413700.99,7.75
ACC00578,2026-08-03,231398.38,169869.24,61529.14,73.41
ACC00579,2026-08-03,73988.19,16251.33,57736.86,21.96
ACC00580,2026-08-03,368442.17,189496.25,178945.92,51.43
ACC00581,2026-08-03,262489.83,167303.09,95186.74,63.74
ACC00582,2026-08-03,66493.55,28955.44,37538.11,43.55
ACC00583,2026-08-03,135538.68,21306.84,114231.84,15.72
ACC00584,2026-08-03,91639.52,51288.94,40350.58,55.97
ACC00585,2026-08-03,2088441.21,981934.91,1106506.3,47.02
ACC00586,2026-08-03,255284.9,143438.31,111846.59,56.19
ACC00587,2026-08-03,180801.07,106459.76,74341.31,58.88
ACC00588,2026-08-03,240639.11,176337.27,64301.84,73.28
ACC00589,2026-08-03,595736.16,268971.48,326764.68,45.15
ACC00590,2026-08-03,138000.2,39902.59,98097.61,28.91
ACC00591,2026-08-03,83156.63,41904.72,41251.91,50.39
ACC00592,2026-08-03,348946.47,34164.82,314781.65,9.79
ACC00593,2026-08-03,125925.53,85399.94,40525.59,67.82
ACC00594,2026-08-03,51456.66,6872.9,44583.76,13.36
ACC00595,2026-08-03,42349.17,11836.17,30513.0,27.95
ACC00596,2026-08-03,692239.4,429895.73,262343.67,62.1
ACC00597,2026-08-03,171105.42,80097.64,91007.78,46.81
ACC00598,2026-08-03,83185.07,27080.47,56104.6,32.55
ACC00599,2026-08-03,118664.52,45259.24,73405.28,38.14
ACC00600,2026-08-03,336325.69,218000.65,118325.04,64.82
ACC00601,2026-08-03,111857.95,32215.43,79642.52,28.8
ACC00602,2026-08-03,35205.97,23192.1,12013.87,65.88
ACC00603,2026-08-03,207779.24,23207.72,184571.52,11.17
ACC00604,2026-08-03,502192.3,298181.15,204011.15,59.38
ACC00605,2026-08-03,469702.55,302151.82,167550.73,64.33
ACC00606,2026-08-03,85738.79,15199.12,70539.67,17.73
ACC00607,2026-08-03,533686.16,187453.3,346232.86,35.12
ACC00608,2026-08-03,185598.41,30781.47,154816.94,16.58
ACC00609,2026-08-03,518937.08,282625.01,236312.07,54.46
ACC00610,2026-08-03,266219.81,113075.12,153144.69,42.47
ACC00611,2026-08-03,32754.44,16204.48,16549.96,49.47
ACC00612,2026-08-03,860380.07,161356.43,699023.64,18.75
ACC00613,2026-08-03,157972.21,31313.58,126658.63,19.82
ACC00614,2026-08-03,267048.19,21109.66,245938.53,7.9
ACC00615,2026-08-03,39118.31,10775.03,28343.28,27.54
ACC00616,2026-08-03,248628.99,109849.58,138779.41,44.18
ACC00617,2026-08-03,451946.15,294015.57,157930.58,65.06
ACC00618,2026-08-03,1038939.37,536974.99,501964.38,51.68
ACC00619,2026-08-03,608523.23,215890.31,392632.92,35.48
ACC00620,2026-08-03,261088.65,187248.62,73840.03,71.72
ACC00621,2026-08-03,32016.71,17720.34,14296.37,55.35
ACC00622,2026-08-03,171212.95,120040.08,51172.87,70.11
ACC00623,2026-08-03,82940.69,34777.99,48162.7,41.93
ACC00624,2026-08-03,189732.12,43872.33,145859.79,23.12
ACC00625,2026-08-03,44447.53,3865.99,40581.54,8.7
ACC00626,2026-08-03,121567.34,67866.11,53701.23,55.83
ACC00627,2026-08-03,89429.64,12065.14,77364.5,13.49
ACC00628,2026-08-03,86701.31,22710.76,63990.55,26.19
ACC00629,2026-08-03,87566.55,37016.98,50549.57,42.27
ACC00630,2026-08-03,130945.42,58282.71,72662.71,44.51
ACC00631,2026-08-03,199702.76,93941.82,105760.94,47.04
ACC00632,2026-08-03,12331.31,2051.67,10279.64,16.64
ACC00633,2026-08-03,13932.2,4400.01,9532.19,31.58
ACC00634,2026-08-03,106905.36,51532.23,55373.13,48.2
ACC00635,2026-08-03,123083.9,89712.56,33371.34,72.89
ACC00636,2026-08-03,181226.3,101367.44,79858.86,55.93
ACC00637,2026-08-03,72454.8,50415.69,22039.11,69.58
ACC00638,2026-08-03,151426.52,88364.71,63061.81,58.35
ACC00639,2026-08-03,170231.37,79021.72,91209.65,46.42
ACC00640,2026-08-03,71957.61,13270.16,58687.45,18.44
ACC00641,2026-08-03,413265.86,213526.19,199739.67,51.67
ACC00642,2026-08-03,179042.21,87079.99,91962.22,48.64
ACC00643,2026-08-03,259199.07,122271.57,136927.5,47.17
ACC00644,2026-08-03,160690.64,63127.34,97563.3,39.29
ACC00645,2026-08-03,1229433.04,516435.18,712997.86,42.01
ACC00646,2026-08-03,272334.85,77372.99,194961.86,28.41
ACC00647,2026-08-03,92078.55,38076.22,54002.33,41.35
ACC00648,2026-08-03,340904.43,64188.6,276715.83,18.83
ACC00649,2026-08-03,29166.78,17897.38,11269.4,61.36
ACC00650,2026-08-03,169056.94,30437.66,138619.28,18.0
